video_id,published_at,cohort_time
w8znJO6mWXc,2026-05-06T22:30:13Z,2026-05-07 04:48:21.836592
7YLMkOfd7F0,2026-05-06T16:50:00Z,2026-05-07 04:48:21.836601
11cHbsqnFos,2026-05-06T19:00:26Z,2026-05-07 04:48:21.836605
SqpDw2nNBm0,2026-05-06T17:02:33Z,2026-05-07 04:48:21.836607
m75AZ0rapz8,2026-05-06T19:23:06Z,2026-05-07 04:48:21.836610
9OHJuaecqkc,2026-05-06T17:07:52Z,2026-05-07 04:48:21.836612
t6iOhN7P3j0,2026-05-06T19:30:14Z,2026-05-07 04:48:21.836615
kwLUVYZALDs,2026-05-06T17:21:09Z,2026-05-07 04:48:21.836617
nGmwS0r_MrI,2026-05-06T23:40:00Z,2026-05-07 04:48:21.836619
QyyKZYnD7pw,2026-05-06T21:42:40Z,2026-05-07 04:48:21.836621
Kp3gEkzeNNg,2026-05-06T17:26:08Z,2026-05-07 04:48:21.836624
DZEfFdbb1SE,2026-05-06T17:21:03Z,2026-05-07 04:48:21.836626
5qsrCRPpxbk,2026-05-06T21:56:38Z,2026-05-07 04:48:21.836628
mt29cU4uI-g,2026-05-06T22:17:14Z,2026-05-07 04:48:21.836631
fh7vCfaVwno,2026-05-06T16:51:34Z,2026-05-07 04:48:21.836636
gqK8TggkzfI,2026-05-06T23:21:00Z,2026-05-07 04:48:21.836639
gv9ztxapyL0,2026-05-07T00:00:45Z,2026-05-07 04:48:21.836641
62WigB3G_Pk,2026-05-07T00:00:14Z,2026-05-07 04:48:21.836643
m9UnGE7ykOY,2026-05-06T21:25:37Z,2026-05-07 04:48:21.836646
XdSG7DA6EOg,2026-05-06T17:35:30Z,2026-05-07 04:48:21.836648
0R28PVc8qh0,2026-05-06T21:47:47Z,2026-05-07 04:48:21.836651
PfkNba1O6ec,2026-05-07T01:00:23Z,2026-05-07 04:48:21.836653
5JKuVN3L7mc,2026-05-07T00:00:04Z,2026-05-07 04:48:21.836655
8jwQIV2UwbM,2026-05-06T23:41:51Z,2026-05-07 04:48:21.836657
BczMFhe-MLM,2026-05-06T20:29:52Z,2026-05-07 04:48:21.836659
2tp29gpaRWU,2026-05-06T16:58:05Z,2026-05-07 04:48:21.836662
TAlkqlnakh0,2026-05-07T00:00:12Z,2026-05-07 04:48:21.836664
3f6ZNPbl5jk,2026-05-06T16:52:35Z,2026-05-07 04:48:21.836666
OZH7YBNTz4M,2026-05-06T20:00:15Z,2026-05-07 04:48:21.836669
ZysGncmQPeU,2026-05-07T00:45:32Z,2026-05-07 04:48:21.836671
vDXsOkdFqDk,2026-05-06T22:52:16Z,2026-05-07 04:48:21.836673
T9uMCRuDc_k,2026-05-06T17:21:32Z,2026-05-07 04:48:21.836675
9m8pt3EBtc0,2026-05-07T00:32:05Z,2026-05-07 04:48:21.836677
9DAO0ESJKcc,2026-05-06T21:51:07Z,2026-05-07 04:48:21.836680
sEpUpn00RbY,2026-05-06T17:15:03Z,2026-05-07 04:48:21.836682
CL-33_0cc6k,2026-05-06T18:24:33Z,2026-05-07 04:48:21.836686
9-0rCG2UuDA,2026-05-06T18:00:08Z,2026-05-07 04:48:21.836688
9Wj5am9s5U8,2026-05-06T19:45:55Z,2026-05-07 04:48:21.836691
KptiqNWaoxc,2026-05-06T18:35:58Z,2026-05-07 04:48:21.836693
5nkyl-TlJhg,2026-05-06T16:54:01Z,2026-05-07 04:48:21.836695
3DhM40l_UT8,2026-05-06T21:30:03Z,2026-05-07 04:48:21.836697
g3nC6ah4Jeo,2026-05-06T17:28:18Z,2026-05-07 04:48:21.836702
HZHchMlBFxk,2026-05-07T00:23:01Z,2026-05-07 04:48:21.836704
WsERYs4K_eI,2026-05-06T17:11:35Z,2026-05-07 04:48:21.836706
czoj2EZaK50,2026-05-06T18:00:44Z,2026-05-07 04:48:21.836708
aZHON20BuD0,2026-05-06T18:37:55Z,2026-05-07 04:48:21.836710
RKm1-7OCVPw,2026-05-06T22:15:03Z,2026-05-07 04:48:21.836713
OazBqSpCEoA,2026-05-06T18:15:02Z,2026-05-07 04:48:21.836716
iHQ-auaYxqw,2026-05-06T23:27:40Z,2026-05-07 04:48:21.836719
0P8jQM_RSbg,2026-05-06T21:51:13Z,2026-05-07 04:48:21.836721
O1Rm0Npcxhc,2026-05-06T18:06:24Z,2026-05-07 04:48:22.474530
7P9VVuUgkmw,2026-05-06T19:30:14Z,2026-05-07 04:48:22.474538
mteZU7yoafE,2026-05-06T19:00:48Z,2026-05-07 04:48:22.474541
I2wYnsHQ0Xs,2026-05-06T19:00:30Z,2026-05-07 04:48:22.474544
oNyPIpZFaak,2026-05-06T16:51:44Z,2026-05-07 04:48:22.474546
aWkJ1mCj2cc,2026-05-06T18:07:42Z,2026-05-07 04:48:22.474549
XJ8b6MerRdc,2026-05-06T18:47:56Z,2026-05-07 04:48:22.474551
JDRAgIl-x70,2026-05-06T23:58:04Z,2026-05-07 04:48:22.474554
TAeMYuwA8EE,2026-05-06T19:19:25Z,2026-05-07 04:48:22.474556
zQTbUsLIu58,2026-05-06T18:01:05Z,2026-05-07 04:48:22.474559
btJXWbbnJHQ,2026-05-07T02:30:29Z,2026-05-07 04:48:22.474561
b6H12EIUmoU,2026-05-07T01:04:30Z,2026-05-07 04:48:22.474564
kkSA8x_bWtU,2026-05-06T21:09:28Z,2026-05-07 04:48:22.474566
YyNV_rDWt2E,2026-05-06T17:21:27Z,2026-05-07 04:48:22.474568
03jvPpySFTk,2026-05-06T17:24:11Z,2026-05-07 04:48:22.474571
lgnW9R4ZnJs,2026-05-06T17:08:55Z,2026-05-07 04:48:22.474575
Cm3jOxBWfGk,2026-05-06T19:47:54Z,2026-05-07 04:48:22.474577
dj4B_HQcsz0,2026-05-07T01:30:29Z,2026-05-07 04:48:22.474580
xnjfMUU0ubc,2026-05-06T17:04:00Z,2026-05-07 04:48:22.474582
ZzbdOPmfYYI,2026-05-06T19:16:44Z,2026-05-07 04:48:22.474584
ic2qcpuoBCs,2026-05-06T17:13:14Z,2026-05-07 04:48:22.474587
vLQkW84t-OA,2026-05-07T00:17:00Z,2026-05-07 04:48:22.474589
x7vQUhOiduA,2026-05-06T16:50:00Z,2026-05-07 04:48:22.474591
i7JPPJZj9JI,2026-05-06T18:37:44Z,2026-05-07 04:48:22.474594
kdYiDfHjENU,2026-05-06T16:52:44Z,2026-05-07 04:48:22.474596
-TjsD7VQLYg,2026-05-06T18:00:00Z,2026-05-07 04:48:22.474598
PNi3GBdkUcs,2026-05-06T20:05:46Z,2026-05-07 04:48:22.474601
YBZ9d7_CmHQ,2026-05-06T17:23:10Z,2026-05-07 04:48:22.474604
PJ1l1O8s9Rk,2026-05-06T18:08:59Z,2026-05-07 04:48:22.474607
GjFwFfQGHVE,2026-05-06T19:30:06Z,2026-05-07 04:48:22.474609
GkhDx9sHTkY,2026-05-06T21:00:13Z,2026-05-07 04:48:22.474611
HdA-m8pxgUE,2026-05-06T17:00:22Z,2026-05-07 04:48:22.474614
8iK0Wnbo4ss,2026-05-06T18:28:34Z,2026-05-07 04:48:22.474616
vp8Dl8jLtpQ,2026-05-07T01:40:26Z,2026-05-07 04:48:22.474619
KuWDY_q0cl4,2026-05-07T00:31:07Z,2026-05-07 04:48:22.474621
JYLiA6eYotI,2026-05-06T18:58:31Z,2026-05-07 04:48:22.474624
G1DI7TH3ORQ,2026-05-06T18:11:18Z,2026-05-07 04:48:22.474626
GYtLVLAjkNI,2026-05-06T17:53:45Z,2026-05-07 04:48:22.474628
z16TsgBLLuI,2026-05-06T17:04:22Z,2026-05-07 04:48:22.474630
zkjcNg-K7aE,2026-05-06T18:08:04Z,2026-05-07 04:48:22.474633
wG0JaQdQRR0,2026-05-06T16:49:24Z,2026-05-07 04:48:22.474635
s8Vt0NbGg_s,2026-05-06T19:03:08Z,2026-05-07 04:48:22.474636
d4gYEInVPdo,2026-05-06T18:01:02Z,2026-05-07 04:48:22.474637
LMe1syOeDmg,2026-05-06T20:06:10Z,2026-05-07 04:48:22.474639
wvlD8xtiTtU,2026-05-06T16:49:56Z,2026-05-07 04:48:22.474640
ZElxIyXmlmA,2026-05-07T01:30:36Z,2026-05-07 04:48:22.474641
XcB7ckJ2mfc,2026-05-06T19:00:27Z,2026-05-07 04:48:22.474642
JPgAA56LnBI,2026-05-06T16:54:18Z,2026-05-07 04:48:22.474644
lyFVARrR6YQ,2026-05-06T16:54:24Z,2026-05-07 04:48:22.474645
JVEFIpEe7xs,2026-05-06T20:36:11Z,2026-05-07 04:48:22.474646
rhsqSBPGxAI,2026-05-06T16:50:42Z,2026-05-07 04:48:23.224308
jLzcsR2Z88g,2026-05-06T20:03:00Z,2026-05-07 04:48:23.224313
Rqxjw8UOioU,2026-05-06T18:48:41Z,2026-05-07 04:48:23.224314
zXZhVRNrXTw,2026-05-06T18:54:59Z,2026-05-07 04:48:23.224316
WYUtRxwErJc,2026-05-07T01:28:28Z,2026-05-07 04:48:23.224317
dWrhPsuGAyM,2026-05-07T01:00:39Z,2026-05-07 04:48:23.224319
5vVhyO64yy8,2026-05-06T16:56:55Z,2026-05-07 04:48:23.224320
tKFhfEYdEQ4,2026-05-06T18:23:11Z,2026-05-07 04:48:23.224321
_woibC1Uc4s,2026-05-06T19:55:21Z,2026-05-07 04:48:23.224323
dtA1PDvWHWg,2026-05-06T21:00:00Z,2026-05-07 04:48:23.224325
jIaFuaUQJj8,2026-05-06T16:51:38Z,2026-05-07 04:48:23.224327
uhaJClxKvBE,2026-05-06T19:25:54Z,2026-05-07 04:48:23.224328
BzJDnSQ2N8s,2026-05-06T17:00:22Z,2026-05-07 04:48:23.224329
js3MDn189WY,2026-05-06T18:48:02Z,2026-05-07 04:48:23.224331
aZTg7Y1s3i4,2026-05-06T19:00:00Z,2026-05-07 04:48:23.224332
w959JQyRWI0,2026-05-06T21:02:28Z,2026-05-07 04:48:23.224333
SFwOEsdSG2A,2026-05-06T18:34:18Z,2026-05-07 04:48:23.224335
d922sHgT8x4,2026-05-06T20:17:35Z,2026-05-07 04:48:23.224336
noyibwhlMB0,2026-05-06T18:24:20Z,2026-05-07 04:48:23.224337
zaSnfYBNq54,2026-05-06T18:30:19Z,2026-05-07 04:48:23.224338
Nlk40c2coj0,2026-05-06T18:01:09Z,2026-05-07 04:48:23.224340
Dv0qYHpmbh8,2026-05-06T17:50:29Z,2026-05-07 04:48:23.224342
Ptk-QwiDcgU,2026-05-06T20:51:55Z,2026-05-07 04:48:23.224343
h54baYCq2aA,2026-05-06T17:20:37Z,2026-05-07 04:48:23.224344
IPyxfkHAa4M,2026-05-06T17:10:46Z,2026-05-07 04:48:23.224346
Br1nYlc0_Sw,2026-05-06T17:53:25Z,2026-05-07 04:48:23.224347
_hYUAJKRaF8,2026-05-06T18:12:13Z,2026-05-07 04:48:23.224348
uFH5QQjqA9E,2026-05-06T17:05:29Z,2026-05-07 04:48:23.224349
wRw8UgMP0j4,2026-05-06T18:11:14Z,2026-05-07 04:48:23.224351
jkbhFGwtPug,2026-05-06T17:35:00Z,2026-05-07 04:48:23.224353
hJv1s-a3sTw,2026-05-06T17:54:27Z,2026-05-07 04:48:23.224354
uBm3mLxD_4s,2026-05-06T17:04:26Z,2026-05-07 04:48:23.224356
UWPwKsit0Pc,2026-05-06T18:45:38Z,2026-05-07 04:48:23.224357
F04vTZpR1RQ,2026-05-06T18:02:16Z,2026-05-07 04:48:23.224359
fljjVxeIGBQ,2026-05-06T16:57:31Z,2026-05-07 04:48:23.224360
GY3QqbsE6_E,2026-05-06T17:28:59Z,2026-05-07 04:48:23.224362
709_w_fP4MI,2026-05-07T01:30:05Z,2026-05-07 04:48:23.224363
6IvaMcKEFZ4,2026-05-06T17:00:08Z,2026-05-07 04:48:23.224364
AY6gZbW7fNg,2026-05-06T17:28:57Z,2026-05-07 04:48:23.224366
cMb_3R5RNpM,2026-05-06T16:51:16Z,2026-05-07 04:48:23.224367
B335dKT404w,2026-05-06T17:00:14Z,2026-05-07 04:48:23.224368
3eFMDNMsCas,2026-05-06T21:00:00Z,2026-05-07 04:48:23.224370
IusZLMlE_-E,2026-05-06T17:05:00Z,2026-05-07 04:48:23.224371
d9STPKfyKvw,2026-05-07T01:00:39Z,2026-05-07 04:48:23.224372
LRfmdgbTeTg,2026-05-06T21:10:00Z,2026-05-07 04:48:23.224374
79Y8qRw3wOw,2026-05-06T17:30:21Z,2026-05-07 04:48:23.224375
9p0-60NCK1E,2026-05-06T18:00:44Z,2026-05-07 04:48:23.224376
ky8i3fchNjY,2026-05-06T17:15:04Z,2026-05-07 04:48:23.224378
nDpF4DLdsCw,2026-05-06T17:51:34Z,2026-05-07 04:48:23.224379
8HGev-iN1ok,2026-05-06T17:11:31Z,2026-05-07 04:48:23.224381
ky8i3fchNjY,2026-05-06T17:15:04Z,2026-05-07 04:48:23.939953
nDpF4DLdsCw,2026-05-06T17:51:34Z,2026-05-07 04:48:23.939957
8HGev-iN1ok,2026-05-06T17:11:31Z,2026-05-07 04:48:23.939958
UHZACPm3jwE,2026-05-06T16:54:19Z,2026-05-07 04:48:23.939960
4wpyQLSBNP0,2026-05-06T16:55:36Z,2026-05-07 04:48:23.939961
96JomE0jqDc,2026-05-06T17:43:32Z,2026-05-07 04:48:23.939963
Tsxwx7AYUoA,2026-05-06T17:15:06Z,2026-05-07 04:48:23.939964
X-vUrqQSO_o,2026-05-06T17:00:42Z,2026-05-07 04:48:23.939965
0UrXg_Rz_a0,2026-05-06T18:00:01Z,2026-05-07 04:48:23.939967
r5PvHf3pOM0,2026-05-06T17:31:23Z,2026-05-07 04:48:23.939968
jDBrgXKGSkc,2026-05-06T17:50:00Z,2026-05-07 04:48:23.939970
b6yNHBPmflE,2026-05-06T16:56:57Z,2026-05-07 04:48:23.939971
hn_2QvmwX8k,2026-05-06T16:51:00Z,2026-05-07 04:48:23.939972
PLiteqfznuU,2026-05-06T16:53:53Z,2026-05-07 04:48:23.939974
ULT9GpdvlTo,2026-05-06T19:00:33Z,2026-05-07 04:48:23.939975
DAJ7pVTcG3o,2026-05-06T18:44:22Z,2026-05-07 04:48:23.939976
zmFbVma5gis,2026-05-06T17:20:00Z,2026-05-07 04:48:23.939978
eax9iT4FyqI,2026-05-06T16:54:11Z,2026-05-07 04:48:23.939979
0whpKuKm2j0,2026-05-06T17:07:42Z,2026-05-07 04:48:23.939981
q6SDQcqdiRc,2026-05-06T18:13:47Z,2026-05-07 04:48:23.939982
saYo7NymFEM,2026-05-06T19:01:47Z,2026-05-07 04:48:23.939984
ekNk1J1mvNA,2026-05-06T19:00:38Z,2026-05-07 04:48:23.939985
PFgDUxXW13o,2026-05-06T19:31:00Z,2026-05-07 04:48:23.939987
DEBOR0fU3wk,2026-05-06T19:59:26Z,2026-05-07 04:48:23.939989
h2J5qCMqoDQ,2026-05-06T20:08:42Z,2026-05-07 04:48:23.939990
9sDO26vcgHA,2026-05-06T20:30:02Z,2026-05-07 04:48:23.939992
P5gnG3RSnxg,2026-05-06T18:52:06Z,2026-05-07 04:48:23.939993
1b_vbZjeflg,2026-05-06T17:30:01Z,2026-05-07 04:48:23.939994
7NfP8a2mh04,2026-05-06T17:01:56Z,2026-05-07 04:48:23.939995
WG93JdMIC20,2026-05-06T17:50:51Z,2026-05-07 04:48:23.939997
_d6P-_ncL7w,2026-05-06T16:56:38Z,2026-05-07 04:48:23.939998
hcSEYzYuPA8,2026-05-06T17:07:24Z,2026-05-07 04:48:23.939999
I2kw1nSu3fc,2026-05-06T17:36:58Z,2026-05-07 04:48:23.940001
PYPSQfBL4Fc,2026-05-06T17:02:38Z,2026-05-07 04:48:23.940002
NQ0DPM5zf5M,2026-05-06T17:15:44Z,2026-05-07 04:48:23.940003
h6_Ai6urk5I,2026-05-06T17:04:36Z,2026-05-07 04:48:23.940005
aXZ4n21QM5M,2026-05-06T16:49:48Z,2026-05-07 04:48:23.940006
WE0BMrTjCbQ,2026-05-07T01:37:00Z,2026-05-07 04:48:23.940007
exYOPLvW-II,2026-05-06T17:29:39Z,2026-05-07 04:48:23.940009
dMtGQ2EfaS4,2026-05-06T17:42:40Z,2026-05-07 04:48:23.940010
BoVryGyxefU,2026-05-06T20:37:04Z,2026-05-07 04:48:23.940011
RlklbNyKIcU,2026-05-06T18:01:10Z,2026-05-07 04:48:23.940013
tuyV7-6rWO8,2026-05-06T16:57:28Z,2026-05-07 04:48:23.940014
D8Mu8ZPDPww,2026-05-06T17:29:02Z,2026-05-07 04:48:23.940015
iwuv_Jf-Bks,2026-05-06T18:46:10Z,2026-05-07 04:48:23.940016
ZQh7s45Yt2o,2026-05-06T16:54:43Z,2026-05-07 04:48:23.940018
3YKQ2lUo8A0,2026-05-06T17:11:27Z,2026-05-07 04:48:23.940019
nMqoyOvyuXc,2026-05-06T17:25:43Z,2026-05-07 04:48:23.940020
z8ZDpw9mhUk,2026-05-06T23:00:58Z,2026-05-07 04:48:23.940022
OXHWRsQMzrY,2026-05-06T16:53:32Z,2026-05-07 04:48:23.940023
