video_id,cohort_id,views_6h,likes_6h,comments_6h,views_24h,likes_24h,comments_24h,views_log,likes_log,comments_log,viral_score,viral
ppFBhivpaGE,cohort1,290941,848,0,1012907,2093,0,13.828335959758023,7.646831391430482,0.0,10.59105099328396,1
VrBgkDnksDI,cohort1,269015,1427,1,369596,1890,2,12.820168501833606,7.544861068658458,1.0986122886681098,10.065420650564512,1
Ef-7oED0mq4,cohort1,113250,7688,232,160733,9284,281,11.987506103709071,9.136155473786806,5.641907070938114,10.497541011455295,1
_Dtsn9DzIbs,cohort1,209431,1692,0,241145,1914,0,12.39315783817315,7.557472901614746,0.0,9.703136573388313,1
G-pTfMOY9QE,cohort1,301055,6669,417,518275,8992,527,13.158263197877046,9.104201775914516,6.269096283706261,11.253128079871209,1
71-KRdBGlsI,cohort1,406906,11978,42,1043038,20774,60,13.857649125421904,9.94150561972365,4.110873864173311,11.708128547587567,1
gIZoO48ePNs,cohort1,129854,692,1,264585,1266,1,12.485921619210297,7.144407180321139,0.6931471805599453,9.704189843678511,1
9Z6s2IeafHM,cohort1,61037,351,1,72691,419,1,11.193986616201151,6.040254711277414,0.6931471805599453,8.597783101159909,1
Q3ggtN1Y-OM,cohort1,199903,621,1,246732,756,1,12.41606205927895,6.6293632534374485,0.6931471805599453,9.507760929654598,1
aJWuMnhx294,cohort1,99653,612,2,133206,764,2,11.79965958826014,6.639875833826536,1.0986122886681098,9.181619731970853,1
GH0WPFOB4Jg,cohort1,152920,1153,1,228207,1628,2,12.338012772763204,7.395721608602045,1.0986122886681098,9.731385375105345,1
-dUURnwXGpQ,cohort1,31569,1221,41,86098,2432,67,11.363253075946515,7.796880342783522,4.219507705176107,9.578966718920576,1
8RsnBgq3ClM,cohort1,35891,316,2,37489,334,2,10.531829509729958,5.814130531825066,1.0986122886681098,8.173198094252305,1
7CdV10Ezbec,cohort1,75454,962,3,177967,1789,10,12.08935903783181,7.489970898834801,2.3978952727983707,9.740396219629364,1
vyqf_fSfM14,cohort1,167556,2692,8,366256,4468,10,12.811090551758756,8.404919948933452,2.3978952727983707,10.447919843015127,1
c8ksB0mVzPU,cohort1,425525,21249,363,792796,30114,453,13.583322477934248,10.312778665477822,6.118097198041348,11.85563680620803,1
kxOtnzuYHo0,cohort1,36206,155,0,46306,200,0,10.743048416551554,5.303304908059076,0.0,8.036820522348656,1
ODYlII65Ezg,cohort1,34924,213,1,37364,219,1,10.52848971636439,5.393627546352362,0.6931471805599453,8.004496811780337,0
tI67adV3pXY,cohort1,32097,287,0,32777,298,0,10.397512837623772,5.700443573390687,0.0,7.948640774591469,0
GB92jfG0Aww,cohort1,22917,581,28,73757,1340,43,11.208544742895397,7.201170883281678,3.784189633918261,9.263897074113569,1
Bl66lNBD-U4,cohort1,20548,335,1,30315,398,1,10.31943090493192,5.988961416889864,0.6931471805599453,8.057661686082104,1
jaIQWlDTLUY,cohort1,125988,2415,3,238553,3939,6,12.382350978776843,8.27893600229198,1.9459101490553128,10.107682402859231,1
iVnxwkHDD3Q,cohort1,22458,566,28,37126,709,31,10.522099746707823,6.565264970035361,3.4657359027997265,8.629412929315276,1
n22uDbchZYs,cohort1,36324,152,0,39403,166,0,10.58162261297557,5.117993812416755,0.0,7.884371711510369,0
LEIgQtVwJGk,cohort1,28153,640,4,36057,709,4,10.492884032102143,6.565264970035361,1.6094379124341005,8.426253701515304,1
6vaEALEbKmo,cohort1,33497,164,1,35171,171,1,10.468005590498892,5.147494476813453,0.6931471805599453,7.894366415399365,0
hB6WnL80HNI,cohort1,19521,772,11,21097,820,11,9.956933528241754,6.710523109452428,2.4849066497880004,8.23580771475958,1
2A4C6Dpiod4,cohort1,52880,199,1,58230,238,2,10.972173137962086,5.476463551931511,1.0986122886681098,8.336104177223515,1
ncSecGdH7rg,cohort1,39050,941,5,65508,1406,7,11.089942816764353,7.249215057114389,2.079441541679836,9.036674361360912,1
dVXQazWGqVQ,cohort1,33419,193,0,1244978,4190,11,14.034629220268808,8.340694647925071,2.4849066497880004,11.171476591517607,1
GElOK8JXlXI,cohort1,30508,504,6,59651,929,9,10.996282955882672,6.835184586147301,2.302585092994046,8.878583658673199,1
-tccKyTazdw,cohort1,23296,125,0,31861,182,0,10.36916935613284,5.209486152841421,0.0,7.78434745953213,0
GVir39PsE6g,cohort1,22550,79,1,31184,77,1,10.347692488960224,4.356708826689592,0.6931471805599453,7.584942859439006,0
9PjbZzKVdZw,cohort1,28138,179,0,30456,190,0,10.324071131775993,5.25227342804663,0.0,7.770124707479584,0
w8znJO6mWXc,cohort2,213439,1964,4,853296,3882,8,13.656862948756162,8.264363329731667,2.19722457733622,10.89314922590682,1
7YLMkOfd7F0,cohort2,83137,435,3,101831,492,4,11.53107967555027,6.20050917404269,1.6094379124341005,8.939744348786379,1
11cHbsqnFos,cohort2,206374,708,7,240422,824,7,12.390155150943608,6.715383386334681,2.079441541679836,9.656652260634552,1
SqpDw2nNBm0,cohort2,37905,1085,2,47576,1324,3,10.770104730166713,7.1891677384203225,1.3862943611198906,8.757442595738112,1
m75AZ0rapz8,cohort2,66948,2155,43,142624,4054,98,11.867974087164376,8.307705966549513,4.59511985013459,10.072608227276937,1
9OHJuaecqkc,cohort2,57737,911,18,306519,5003,81,12.63303828508434,8.517992871586802,4.406719247264253,10.575892757253069,1
t6iOhN7P3j0,cohort2,31203,333,10,36101,466,10,10.494103544448407,6.1463292576688975,2.3978952727983707,8.38015043124955,1
kwLUVYZALDs,cohort2,38269,297,0,100533,508,0,11.518251257725575,6.2324480165505225,0.0,8.780685159600502,1
nGmwS0r_MrI,cohort2,40311,91,3,76091,139,3,11.239698413488032,4.941642422609304,1.3862943611198906,8.364941210987599,1
QyyKZYnD7pw,cohort2,22156,1230,20,103759,3030,38,11.549835818990326,8.016647877057803,3.6635616461296463,9.701252019124501,1
Kp3gEkzeNNg,cohort2,85949,2471,103,157387,4478,190,11.96646937317728,8.4071550862073,5.25227342804663,10.22725549257322,1
DZEfFdbb1SE,cohort2,9714,554,17,16418,797,20,9.706194479812028,6.682108597449809,3.044522437723423,8.132801510894502,1
5qsrCRPpxbk,cohort2,12609,44,24,55212,163,75,10.918953711784086,5.099866427824199,4.330733340286331,8.514405489446343,1
mt29cU4uI-g,cohort2,64046,1968,15,128252,3295,18,11.761760154572295,8.100464891029363,2.9444389791664403,9.78163945796883,1
fh7vCfaVwno,cohort2,71818,4619,61,172994,8961,114,12.061017971328148,9.100748695346088,4.74493212836325,10.44132860423704,1
gqK8TggkzfI,cohort2,18401,24,3,33836,44,5,10.429310157308027,3.80666248977032,1.791759469228055,7.578760788238718,0
gv9ztxapyL0,cohort2,28618,36,7,95317,80,12,11.464973949037036,4.394449154672439,2.5649493574615367,8.453814051570108,1
62WigB3G_Pk,cohort2,29585,27,1,58575,31,1,10.978080335360016,3.4657359027997265,0.6931471805599453,7.695883690111922,0
m9UnGE7ykOY,cohort2,23467,1542,19,37603,2357,30,10.534865706698442,7.765569081097317,3.4339872044851463,8.993988868796775,1
XdSG7DA6EOg,cohort2,10116,46,0,26166,70,0,10.172254353874754,4.262679877041316,0.0,7.382156575437247,0
0R28PVc8qh0,cohort2,39340,3155,183,101098,5928,290,11.52385551376281,8.687610843707368,5.673323267171493,10.087928888087045,1
PfkNba1O6ec,cohort2,11191,52,0,17837,83,0,9.789086292226152,4.430816798843313,0.0,7.202696814988685,0
5JKuVN3L7mc,cohort2,17808,31,4,18787,31,4,9.840973647146884,3.4657359027997265,1.6094379124341005,7.105248750371458,0
8jwQIV2UwbM,cohort2,15330,38,0,18760,45,0,9.83953552604361,3.828641396489095,0.0,7.052313734572895,0
BczMFhe-MLM,cohort2,20744,863,45,42805,1648,60,10.664433558660509,7.407924322559599,4.110873864173311,9.032124818381515,1
2tp29gpaRWU,cohort2,29898,135,0,89321,324,0,11.400003097105111,5.783825182329737,0.0,8.575149412961988,1
TAlkqlnakh0,cohort2,17722,48,1,20439,54,1,9.92524904431764,4.007333185232471,0.6931471805599453,7.226664100216319,0
3f6ZNPbl5jk,cohort2,7787,127,0,19091,239,2,9.857024678125788,5.480638923341991,1.0986122886681098,7.668267712744881,0
OZH7YBNTz4M,cohort2,13785,87,2,16053,0,2,9.683713318691522,0.0,1.0986122886681098,5.920089220081724,0
ZysGncmQPeU,cohort2,9954,17,5,13898,21,6,9.53957217408476,3.091042453358316,1.9459101490553128,6.845647055363882,0
vDXsOkdFqDk,cohort2,6401,40,2,12633,63,2,9.444146871458646,4.158883083359672,1.0986122886681098,7.0240142767499005,0
T9uMCRuDc_k,cohort2,6895,42,0,10443,62,1,9.25378292981902,4.143134726391533,0.6931471805599453,6.864524893864866,0
9m8pt3EBtc0,cohort2,9998,8,2,22835,9,4,10.036093517084147,2.302585092994046,1.6094379124341005,6.873375429392111,0
9DAO0ESJKcc,cohort2,4117,56,4,14235,152,8,9.563529246630084,5.030437921392435,2.19722457733622,7.466971382129403,0
sEpUpn00RbY,cohort2,46429,122,0,49408,133,0,10.807887872816934,4.897839799950911,0.0,7.954084663675434,0
CL-33_0cc6k,cohort2,11914,139,2,19696,222,3,9.888221618865694,5.407171771460119,1.3862943611198906,7.693713938869441,0
9-0rCG2UuDA,cohort2,8287,20,0,10008,24,0,9.21123996721902,3.218875824868201,0.0,6.492406727791872,0
9Wj5am9s5U8,cohort2,13619,215,3,19431,285,4,9.874676470682008,5.655991810819852,1.6094379124341005,7.78254721689857,0
KptiqNWaoxc,cohort2,3888,48,5,5856,69,5,8.675392806089782,4.248495242049359,1.791759469228055,6.658960203191482,0
5nkyl-TlJhg,cohort2,5687,166,2,9499,274,2,9.159047077588632,5.616771097666572,1.0986122886681098,7.290320804719962,0
3DhM40l_UT8,cohort2,5826,38,3,6991,66,8,8.852521917335372,4.204692619390966,2.19722457733622,6.792643393952134,0
g3nC6ah4Jeo,cohort2,73789,1414,0,411801,3860,9,12.9282979302906,8.258681496264236,2.302585092994046,10.464841716353035,1
HZHchMlBFxk,cohort2,30589,4377,56,78379,8433,90,11.269324071753624,9.040026434306505,4.51085950651685,9.92468832399581,1
WsERYs4K_eI,cohort2,4253,159,10,15245,553,22,9.632072452548218,6.317164686747284,3.1354942159291497,7.987942299146031,0
czoj2EZaK50,cohort2,3840,618,11,11494,1628,18,9.34966743719728,7.395721608602045,2.9444389791664403,8.122960842815624,1
aZHON20BuD0,cohort2,6871,228,2,17138,352,2,9.749111847392571,5.8664680569332965,1.0986122886681098,7.719268754382343,0
RKm1-7OCVPw,cohort2,12251,47,1,13328,57,1,9.49769739160402,4.060443010546419,0.6931471805599453,6.986066056182333,0
OazBqSpCEoA,cohort2,30683,214,1,174587,1137,3,12.070184191503389,7.037027614686276,1.3862943611198906,9.491848235419903,1
iHQ-auaYxqw,cohort2,7097,47,0,11366,81,0,9.33846969968671,4.406719247264253,0.0,6.9250975939913015,0
0P8jQM_RSbg,cohort2,2316,44,4,7643,120,6,8.941676305360163,4.795790545596741,1.9459101490553128,6.99833396180065,0
O1Rm0Npcxhc,cohort2,4667,52,6,10680,128,23,9.276221741089696,4.859812404361672,3.1780538303479458,7.341482148997114,0
7P9VVuUgkmw,cohort2,2907,93,0,9763,262,0,9.186457431512853,5.572154032177765,0.0,7.183520668561041,0
mteZU7yoafE,cohort2,4338,7,0,4629,8,0,8.440312147080279,2.19722457733622,0.0,5.723354661449033,0
I2wYnsHQ0Xs,cohort2,9767,254,0,14614,399,1,9.589803677545346,5.991464547107982,0.6931471805599453,7.6206362887155965,0
oNyPIpZFaak,cohort2,6357,181,1,40133,755,9,10.599979134346462,6.628041376179533,2.302585092994046,8.578658402761143,1
aWkJ1mCj2cc,cohort2,3311,32,0,5871,163,0,8.677950570294351,5.099866427824199,0.0,6.73673027052387,0
XJ8b6MerRdc,cohort2,3387,124,34,5594,201,49,8.629628620746026,5.308267697401205,3.912023005428146,7.161459782210791,0
JDRAgIl-x70,cohort2,3375,23,1,20570,128,1,9.931637595952472,4.859812404361672,0.6931471805599453,7.486240996935979,0
TAeMYuwA8EE,cohort2,4239,90,1,29232,264,1,10.283053487118604,5.579729825986222,0.6931471805599453,7.913065758123023,0
zQTbUsLIu58,cohort2,5400,24,0,9405,29,0,9.149103062504992,3.4011973816621555,0.0,6.509821052001641,0
btJXWbbnJHQ,cohort2,10984,17,0,24013,31,2,10.086392272590665,3.4657359027997265,1.0986122886681098,7.201417363261128,0
b6H12EIUmoU,cohort2,2880,19,0,3839,28,0,8.253227645581772,3.367295829986474,0.0,5.962125336345005,0
kkSA8x_bWtU,cohort2,2261,191,14,18528,589,34,9.827092351282417,6.380122536899765,3.555348061489413,8.16582697798832,1
YyNV_rDWt2E,cohort2,20100,107,0,33105,156,0,10.40746981382011,5.056245805348308,0.0,7.761355629896558,0
03jvPpySFTk,cohort2,1703,36,30,1950,48,39,7.576097340623111,3.8918202981106265,3.688879454113936,6.082092439218448,0
lgnW9R4ZnJs,cohort2,10613,229,7,14076,289,10,9.552297538827965,5.66988092298052,2.3978952727983707,7.672132327470771,0
Cm3jOxBWfGk,cohort2,5793,27,1,11135,71,2,9.3179383825742,4.276666119016055,1.0986122886681098,6.983624094116148,0
xnjfMUU0ubc,cohort2,2170,22,0,3086,46,0,8.034955024502159,3.8501476017100575,0.0,5.976017295214312,0
ZzbdOPmfYYI,cohort2,100624,5706,12,284667,13232,29,12.559078867932378,9.49046898877305,3.4011973816621555,10.722707755557558,1
ic2qcpuoBCs,cohort2,5377,70,4,8171,104,5,9.008468955937513,4.653960350157523,1.791759469228055,6.98044542553257,0
vLQkW84t-OA,cohort2,3689,11,0,12255,38,0,9.413770891980372,3.6635616461296463,0.0,6.747331029027117,0
x7vQUhOiduA,cohort2,2639,0,0,5384,0,0,8.591372589590488,0.0,0.0,5.154823553754293,0
i7JPPJZj9JI,cohort2,3965,153,1,11261,235,2,9.329189505814565,5.4638318050256105,1.0986122886681098,7.346524473863233,0
kdYiDfHjENU,cohort2,8972,54,0,19974,149,0,9.902236770634476,5.010635294096256,0.0,7.444532650609562,0
-TjsD7VQLYg,cohort2,5126,0,6,6787,0,6,8.822911626354117,0.0,1.9459101490553128,5.4883379907180005,0
PNi3GBdkUcs,cohort2,2721,37,1,6415,72,2,8.766550149546351,4.290459441148391,1.0986122886681098,6.656929150939139,0
YBZ9d7_CmHQ,cohort2,2432,6,0,3692,11,0,8.214194414852564,2.4849066497880004,0.0,5.673988643847938,0
PJ1l1O8s9Rk,cohort2,1722,50,0,1914,57,0,7.557472901614746,4.060443010546419,0.0,5.7526166441327735,0
GjFwFfQGHVE,cohort2,2886,12,0,3823,16,0,8.249052274171293,2.833213344056216,0.0,5.79939536771964,0
GkhDx9sHTkY,cohort2,2943,27,0,2953,27,0,7.990915463091325,3.332204510175204,0.0,5.794210630907355,0
HdA-m8pxgUE,cohort2,1995,0,1,3718,0,1,8.22121009392507,0.0,0.6931471805599453,5.002040774411036,0
vp8Dl8jLtpQ,cohort2,5022,81,1,31737,198,2,10.365269980122788,5.293304824724492,1.0986122886681098,7.917014664357831,0
KuWDY_q0cl4,cohort2,23431,146,2,28897,160,2,10.271527667553556,5.081404364984463,1.0986122886681098,7.797199138894284,0
JYLiA6eYotI,cohort2,2710,16,0,3735,16,0,8.225770799348734,2.833213344056216,0.0,5.785426482826105,0
G1DI7TH3ORQ,cohort2,1814,0,0,15175,270,0,9.62747051161485,5.602118820879701,0.0,7.457117953232821,0
GYtLVLAjkNI,cohort2,2210,17,0,8285,67,0,9.022322622637349,4.219507705176107,0.0,6.679245885135241,0
z16TsgBLLuI,cohort2,2317,11,0,2827,11,0,7.947325027016463,2.4849066497880004,0.0,5.513867011146278,0
zkjcNg-K7aE,cohort2,4492,8,0,4576,9,0,8.428799040653642,2.302585092994046,0.0,5.748054952290398,0
wG0JaQdQRR0,cohort2,3744,23,0,8686,41,0,9.06958293425992,3.737669618283368,0.0,6.563050646040962,0
s8Vt0NbGg_s,cohort2,2600,160,6,7391,337,10,8.90815361332152,5.823045895483019,2.3978952727983707,7.331595463917654,0
d4gYEInVPdo,cohort2,1642,14,0,1649,14,0,7.408530566894626,2.70805020110221,0.0,5.257533400467438,0
LMe1syOeDmg,cohort2,2664,0,23,4279,0,23,8.361708288575842,0.0,3.1780538303479458,5.3348303561803005,0
wvlD8xtiTtU,cohort2,1665,27,0,1749,27,0,7.467371066917559,3.332204510175204,0.0,5.480083993203096,0
ZElxIyXmlmA,cohort2,2060,17,0,11193,50,0,9.323133199451306,3.9318256327243257,0.0,6.773427609488081,0
XcB7ckJ2mfc,cohort2,1093,36,3,1189,38,3,7.081708586105575,3.6635616461296463,1.3862943611198906,5.486723081614228,0
JPgAA56LnBI,cohort2,3514,98,4,6704,155,4,8.81060879571578,5.049856007249537,1.6094379124341005,6.962265870847739,0
lyFVARrR6YQ,cohort2,1407,43,3,1502,54,5,7.315218389752975,4.007333185232471,1.791759469228055,5.770506936344331,0
JVEFIpEe7xs,cohort2,11188,1495,17,143070,6356,62,11.87109628952147,8.757311846936409,4.143134726391533,10.164164800432957,1
rhsqSBPGxAI,cohort2,1231,22,0,1231,22,0,7.116394144093465,3.1354942159291497,0.0,5.210484751234824,0
jLzcsR2Z88g,cohort2,1795,49,0,4778,95,2,8.471986598578159,4.564348191467836,1.0986122886681098,6.562357645454058,0
Rqxjw8UOioU,cohort2,1159,34,7,1156,34,7,7.053585727193677,3.555348061489413,2.079441541679836,5.506700008931014,0
zXZhVRNrXTw,cohort2,1879,39,0,4480,110,1,8.407601514786142,4.709530201312334,0.6931471805599453,6.52673468732138,0
WYUtRxwErJc,cohort2,1564,28,1,3180,40,1,8.064950891749143,3.713572066704308,0.6931471805599453,6.022356873116773,0
dWrhPsuGAyM,cohort2,5136,69,0,24306,142,0,10.098519653689262,4.962844630259907,0.0,7.54796518129153,0
5vVhyO64yy8,cohort2,1584,15,3,3620,23,4,8.19450550976564,3.1780538303479458,1.6094379124341005,6.031063246207178,0
tKFhfEYdEQ4,cohort2,1289,6,2,1511,11,2,7.321188556739478,2.4849066497880004,1.0986122886681098,5.248046357846898,0
_woibC1Uc4s,cohort2,1115,25,3,1246,28,3,7.1284959456800365,3.367295829986474,1.3862943611198906,5.4259157525159525,0
dtA1PDvWHWg,cohort2,1076,26,0,1560,35,0,7.353081920515432,3.58351893845611,0.0,5.486904833846093,0
jIaFuaUQJj8,cohort2,18199,863,16,27658,1582,18,10.227706451275251,7.367077059881012,2.9444389791664403,8.641190886646097,1
uhaJClxKvBE,cohort2,1332,22,0,1505,23,0,7.317212408359839,3.1780538303479458,0.0,5.343743594120287,0
BzJDnSQ2N8s,cohort2,1547,0,0,1557,0,0,7.351158226430694,0.0,0.0,4.410694935858416,0
js3MDn189WY,cohort2,2358,39,0,2681,0,0,7.894318063841624,0.0,0.0,4.736590838304974,0
aZTg7Y1s3i4,cohort2,3113,72,1,3931,83,1,8.276903481267057,4.430816798843313,0.6931471805599453,6.364701846469223,0
w959JQyRWI0,cohort2,4208,60,1,18741,260,1,9.838522273683768,5.564520407322694,0.6931471805599453,7.641784204463063,0
SFwOEsdSG2A,cohort2,1316,30,0,1391,31,0,7.238496840894365,3.4657359027997265,0.0,5.382818875376537,0
d922sHgT8x4,cohort2,2647,17,2,4653,30,2,8.445482343862237,3.4339872044851463,1.0986122886681098,6.207346796529698,0
noyibwhlMB0,cohort2,1254,8,0,1277,8,0,7.15305163493748,2.19722457733622,0.0,4.950998354163354,0
zaSnfYBNq54,cohort2,1471,25,0,1550,25,0,7.346655163176539,3.258096538021482,0.0,5.3854220593123685,0
Nlk40c2coj0,cohort2,871,32,2,895,36,2,6.79794041297493,3.610917912644224,1.0986122886681098,5.271900850445037,0
Dv0qYHpmbh8,cohort2,1448,0,0,12770,0,0,9.454932254496262,0.0,0.0,5.672959352697757,0
Ptk-QwiDcgU,cohort2,2034,41,1,4388,49,1,8.386856689688234,3.912023005428146,0.6931471805599453,6.275035633497379,0
h54baYCq2aA,cohort2,1501,21,2,1506,22,2,7.317876198626496,3.1354942159291497,1.0986122886681098,5.441235212821454,0
IPyxfkHAa4M,cohort2,1682,20,0,1686,20,0,7.430707082545968,3.044522437723423,0.0,5.3717809808446075,0
Br1nYlc0_Sw,cohort2,1653,0,1,1742,0,1,7.463363045520021,0.0,0.6931471805599453,4.547332545368007,0
_hYUAJKRaF8,cohort2,749,5,0,754,6,0,6.626717749249025,1.9459101490553128,0.0,4.559803694266009,0
uFH5QQjqA9E,cohort2,1666,19,0,2328,45,0,7.753194269884341,3.828641396489095,0.0,5.800508980877333,0
wRw8UgMP0j4,cohort2,1447,0,4,10519,0,6,9.2610334862917,0.0,1.9459101490553128,5.75121110668055,0
jkbhFGwtPug,cohort2,1221,11,1,1250,11,1,7.131698510466912,2.4849066497880004,0.6931471805599453,5.093805819272542,0
hJv1s-a3sTw,cohort2,1525,9,1,1525,9,1,7.330405211844402,2.302585092994046,0.6931471805599453,5.15833337306085,0
uBm3mLxD_4s,cohort2,2218,11,0,2894,16,2,7.970740390007095,2.833213344056216,1.0986122886681098,5.742269466087933,0
UWPwKsit0Pc,cohort2,3794,70,0,29286,213,2,10.284899010540572,5.365976015021851,1.0986122886681098,7.890593439697709,0
F04vTZpR1RQ,cohort2,1276,11,0,3148,26,0,8.054840221101024,3.295836866004329,0.0,5.821655192461913,0
fljjVxeIGBQ,cohort2,1581,30,9,1705,42,10,7.441906728051625,3.7612001156935615,2.3978952727983707,5.833293598818879,0
GY3QqbsE6_E,cohort2,1235,25,0,1237,26,0,7.121252453244542,3.295836866004329,0.0,5.2615025317480235,0
709_w_fP4MI,cohort2,1852,0,0,2258,0,1,7.7226775164680035,0.0,0.6931471805599453,4.7029212279367965,0
6IvaMcKEFZ4,cohort2,1946,0,0,2107,0,0,7.653494909661253,0.0,0.0,4.592096945796752,0
AY6gZbW7fNg,cohort2,5096,17,0,5403,21,0,8.59489469908009,3.091042453358316,0.0,6.084249555455548,0
cMb_3R5RNpM,cohort2,1716,12,0,1729,12,0,7.455876687491824,2.5649493574615367,0.0,5.243010819733556,0
B335dKT404w,cohort2,1698,13,0,1715,13,0,7.447751280047908,2.6390573296152584,0.0,5.260367966913322,0
3eFMDNMsCas,cohort2,2899,97,2,4608,149,5,8.435766192720509,5.010635294096256,1.791759469228055,6.743826250783989,0
IusZLMlE_-E,cohort2,2055,46,0,14138,177,10,9.55669221559184,5.181783550292085,2.3978952727983707,7.528339921722566,0
d9STPKfyKvw,cohort2,4277,10,1,6983,10,2,8.851377097519439,2.3978952727983707,1.0986122886681098,6.1400560692179855,0
LRfmdgbTeTg,cohort2,6716,63,15,13031,115,25,9.47516315028188,4.7535901911063645,3.258096538021482,7.436984601303185,0
79Y8qRw3wOw,cohort2,1051,9,0,1055,9,0,6.962243464266207,2.302585092994046,0.0,4.868121606457938,0
9p0-60NCK1E,cohort2,1516,26,0,1521,26,0,7.327780538421631,3.295836866004329,0.0,5.385419382854277,0
ky8i3fchNjY,cohort2,1008,43,3,1025,44,3,6.933423025730715,3.80666248977032,1.3862943611198906,5.440681998481513,0
nDpF4DLdsCw,cohort2,1775,73,11,6483,358,39,8.777092882855566,5.883322388488279,3.688879454113936,7.400140391671217,0
8HGev-iN1ok,cohort2,2377,0,0,3953,0,6,8.282483003730562,0.0,1.9459101490553128,5.1640808171438675,0
UHZACPm3jwE,cohort2,1265,20,0,1629,33,0,7.396335293800808,3.5263605246161616,0.0,5.495709333665333,0
4wpyQLSBNP0,cohort2,1275,11,0,1289,12,0,7.162397497355718,2.5649493574615367,0.0,5.066923305651891,0
96JomE0jqDc,cohort2,3699,22,1,3728,23,1,8.22389538017882,3.1780538303479458,0.6931471805599453,5.957068095267671,0
Tsxwx7AYUoA,cohort2,3863,69,0,4877,110,0,8.492490578775866,4.709530201312334,0.0,6.50835340765922,0
X-vUrqQSO_o,cohort2,858,13,0,948,16,0,6.855408798609928,2.833213344056216,0.0,4.963209282382822,0
0UrXg_Rz_a0,cohort2,732,32,0,770,34,0,6.647688373563329,3.555348061489413,0.0,5.055217442584821,0
r5PvHf3pOM0,cohort2,1713,7,0,2489,13,0,7.820037989458753,2.6390573296152584,0.0,5.483739992559829,0
jDBrgXKGSkc,cohort2,1362,10,0,1915,15,0,7.557994958530806,2.772588722239781,0.0,5.366573591790417,0
b6yNHBPmflE,cohort2,1751,10,0,1752,10,0,7.469083884921234,2.3978952727983707,0.0,5.2008189127922515,0
hn_2QvmwX8k,cohort2,962,48,0,1073,58,0,6.97914527506881,4.07753744390572,0.0,5.410748398213002,0
PLiteqfznuU,cohort2,987,2,1,1338,3,1,7.199678345691172,1.3862943611198906,0.6931471805599453,4.805010033806665,0
ULT9GpdvlTo,cohort2,1596,16,0,10329,36,0,9.242807562113684,3.610917912644224,0.0,6.628959911061478,0
DAJ7pVTcG3o,cohort2,2154,15,0,3390,20,1,8.128880142125638,3.044522437723423,0.6931471805599453,5.859999534648404,0
zmFbVma5gis,cohort2,992,30,2,1364,38,2,7.21890970761906,3.6635616461296463,1.0986122886681098,5.540275547277141,0
eax9iT4FyqI,cohort2,829,5,0,857,7,0,6.754604099487962,2.079441541679836,0.0,4.6765949221967285,0
0whpKuKm2j0,cohort2,2381,29,18,2765,34,22,7.925157512224703,3.555348061489413,3.1354942159291497,6.135248347374561,0
q6SDQcqdiRc,cohort2,989,33,0,1152,38,0,7.050122520269059,3.6635616461296463,0.0,5.329142006000329,0
saYo7NymFEM,cohort2,1230,4,3,1260,4,3,7.13966033596492,1.6094379124341005,1.3862943611198906,4.90525701142117,0
ekNk1J1mvNA,cohort2,6940,171,2,11626,292,4,9.361085258668608,5.680172609017068,1.6094379124341005,7.481646729149694,0
PFgDUxXW13o,cohort2,2136,78,1,2712,89,2,7.905810312658931,4.499809670330265,1.0986122886681098,6.203290317561249,0
DEBOR0fU3wk,cohort2,693,8,1,692,8,1,6.541029999189903,2.19722457733622,0.6931471805599453,4.653100090770803,0
h2J5qCMqoDQ,cohort2,1093,8,0,1173,9,0,7.068172000388042,2.302585092994046,0.0,4.931678728131039,0
9sDO26vcgHA,cohort2,2210,221,2,12073,737,5,9.398809659356372,6.6039438246004725,1.791759469228055,7.79964488991677,0
P5gnG3RSnxg,cohort2,1234,31,0,2048,84,0,7.6251071482389,4.442651256490317,0.0,5.9078596658904345,0
1b_vbZjeflg,cohort2,1518,29,0,1946,38,1,7.574045005372199,3.6635616461296463,0.6931471805599453,5.712810215118208,0
7NfP8a2mh04,cohort2,2638,6,0,3266,8,0,8.09162741160107,2.19722457733622,0.0,5.514143820161508,0
WG93JdMIC20,cohort2,1333,10,0,1433,13,1,7.268223021159565,2.6390573296152584,0.6931471805599453,5.2219657296363104,0
_d6P-_ncL7w,cohort2,605,12,1,622,12,1,6.434546518787453,2.5649493574615367,0.6931471805599453,4.699527436566927,0
hcSEYzYuPA8,cohort2,1535,4,0,3617,10,0,8.193676665955241,2.3978952727983707,0.0,5.635574581412656,0
I2kw1nSu3fc,cohort2,939,13,0,1035,19,1,6.943122422819428,2.995732273553991,0.6931471805599453,5.133907853813849,0
PYPSQfBL4Fc,cohort2,1324,7,0,1390,7,0,7.237778191923443,2.079441541679836,0.0,4.966499377658017,0
NQ0DPM5zf5M,cohort2,1575,12,0,1653,13,0,7.410951875583635,2.6390573296152584,0.0,5.238288324234758,0
h6_Ai6urk5I,cohort2,660,17,0,791,20,0,6.674561391814426,3.044522437723423,0.0,4.918093566405682,0
aXZ4n21QM5M,cohort2,1169,48,16,1310,64,18,7.1785454837637,4.174387269895637,2.9444389791664403,5.853887369143555,0
WE0BMrTjCbQ,cohort2,2081,25,0,11338,51,0,9.33600338997184,3.951243718581428,0.0,6.786975149557532,0
exYOPLvW-II,cohort2,952,13,5,1138,23,9,7.037905963447182,3.1780538303479458,2.302585092994046,5.406418236472097,0
dMtGQ2EfaS4,cohort2,1120,19,3,1160,24,3,7.057036981697891,3.218875824868201,1.3862943611198906,5.3385143725911846,0
BoVryGyxefU,cohort2,1151,20,2,1782,30,3,7.48605261786314,3.4339872044851463,1.3862943611198906,5.660457168175417,0
RlklbNyKIcU,cohort2,1336,0,0,7214,0,0,8.88391747120797,0.0,0.0,5.330350482724782,0
tuyV7-6rWO8,cohort2,659,6,0,691,8,0,6.539585955617669,2.19722457733622,0.0,4.582918946571468,0
D8Mu8ZPDPww,cohort2,1560,14,0,1610,17,0,7.384610383176974,2.8903717578961645,0.0,5.2978777572750335,0
iwuv_Jf-Bks,cohort2,735,40,5,740,40,6,6.608000625296087,3.713572066704308,1.9459101490553128,5.273463010094475,0
ZQh7s45Yt2o,cohort2,1292,70,0,3354,322,0,8.118207049405783,5.777652323222656,0.0,6.604219926610266,0
3YKQ2lUo8A0,cohort2,1045,41,0,1255,56,0,7.135687347028144,4.04305126783455,0.0,5.494327788567252,0
nMqoyOvyuXc,cohort2,887,22,0,1430,28,0,7.266128779556451,3.367295829986474,0.0,5.369866016729812,0
z8ZDpw9mhUk,cohort2,1381,20,2,2608,33,2,7.866722285136729,3.5263605246161616,1.0986122886681098,5.887802757333697,0
OXHWRsQMzrY,cohort2,1221,15,0,1235,15,0,7.119635638017636,2.772588722239781,0.0,5.103557999482516,0
1109gqO5oGo,cohort3,523755,15019,97,576773,17183,109,13.26520578765397,9.751733997308593,4.700480365792417,11.354691708364202,1
oFmD2PbIftA,cohort3,169552,9389,17,736109,24676,25,13.509134843065238,10.113626914715084,3.258096538021482,11.465378634055815,1
FIjlwByE538,cohort3,119219,3523,62,206579,5396,97,12.238443025560624,8.593598522618644,4.584967478670572,10.379642119989024,1
KvcxuhWbbSA,cohort3,61112,7818,87,240323,28914,197,12.389743291893424,10.272115770592318,5.288267030694535,11.044307409383203,1
8nzSD5N2ip8,cohort3,66095,452,1,129248,660,2,11.769496055396838,6.493753839851686,1.0986122886681098,9.119685014060419,1
Xg8JvTyeWx0,cohort3,49218,636,2,199703,1431,2,12.204591549248375,7.266827347520591,1.0986122886681098,9.612664362672012,1
Y1_yTNuyqHQ,cohort3,48753,357,3,62657,402,3,11.045446645707605,5.998936561946683,1.3862943611198906,8.565578392120557,1
WyBG1FZf648,cohort3,40974,1077,0,144050,2216,0,11.877922682522597,7.703910209616311,0.0,9.43792667239845,1
VUFud-jmMz8,cohort3,39808,518,68,159230,1635,108,11.978111257054326,7.400009517162692,4.691347882229144,9.876004397604317,1
q19jN8Tq9E0,cohort3,48579,858,0,171685,1576,4,12.053422505995677,7.3632795869630385,1.6094379124341005,9.601981170929728,1
Q_yg2CxvGlw,cohort3,34544,340,1,65856,503,1,11.095241003723723,6.222576268071369,0.6931471805599453,8.593232200711638,1
zHkcFTFmKyY,cohort3,31976,2133,21,170279,5109,44,12.045199419942088,8.53895468319775,3.80666248977032,10.16947230590161,1
0yOf48MRCIY,cohort3,48633,159,0,79319,241,0,11.281245582633732,5.488937726156687,0.0,8.415428667427244,1
rGU3yh7lpZk,cohort3,36138,612,165,68769,1279,330,11.138522882313882,7.154615356913663,5.802118375377063,9.409710174000136,1
pYcZ9vZFrxM,cohort3,26848,586,0,61293,795,0,11.023437237851594,6.679599185844383,0.0,8.61794209846427,1
R-R6W9GHMRk,cohort3,22356,307,0,29967,345,0,10.30788542468387,5.846438775057725,0.0,7.938662887327639,0
IGpatKX-31M,cohort3,80369,4242,39,120156,6050,55,11.696554499975235,8.707978826622321,4.02535169073515,10.032861517045353,1
OwLH9rBDov0,cohort3,20789,724,6,55985,1431,11,10.932856938462075,7.266827347520591,2.4849066497880004,8.98825303231222,1
YEpIh5Yxokw,cohort3,34177,362,55,199948,1224,166,12.205817613012146,7.110696122978827,5.117993812416755,9.96849878594261,1
NXBTs29o9Gg,cohort3,17427,104,1,20560,107,1,9.9311513565186,4.68213122712422,0.6931471805599453,7.43264490010442,0
txBVIsLzQWw,cohort3,20140,279,10,25752,311,10,10.156306404160087,5.7430031878094825,2.3978952727983707,8.056474326118735,1
8jkuLdsL4oo,cohort3,19739,265,7,39441,484,10,10.582586517370014,6.184148890937483,2.3978952727983707,8.444586104983092,1
L3xEAoyytak,cohort3,28235,122,0,43364,158,0,10.677407943118556,5.068904202220232,0.0,7.9271160265372025,0
CU3tv6GxuBE,cohort3,26518,268,2,79597,463,6,11.28474424588868,6.139884552226255,1.9459101490553128,8.807402928106617,1
M4cS4JpUi3o,cohort3,28573,120,1,45174,154,1,10.718299115460429,5.043425116919247,0.6931471805599453,8.013321722408024,0
jZgiOKhWpU0,cohort3,29690,85,10,52755,122,11,10.873432788945776,4.812184355372417,2.4849066497880004,8.21620564495799,1
rMXdW6EVyBM,cohort3,15898,355,54,16578,405,60,9.715892113239466,6.0063531596017325,4.110873864173311,8.04252860224153,1
VU32Dbqwv6A,cohort3,140693,6828,35,322467,14779,54,12.683759185488656,9.601030194502194,4.007333185232471,10.891297888167099,1
cboM6w8VVoM,cohort3,47951,5832,137,75316,8142,173,11.229461151919434,9.004913941467132,5.159055299214529,9.955056403513252,1
Dym9-kWiInM,cohort3,8542,201,2,10439,261,2,9.25339986143663,5.568344503761097,1.0986122886681098,7.3324044968571185,0
cvQicVgPqTI,cohort3,32493,117,0,129239,427,0,11.769426419938435,6.059123195581797,0.0,8.8793928106376,1
-FrE6TbNvQc,cohort3,9311,116,0,12103,126,0,9.401291255468193,4.844187086458591,0.0,7.094030879218493,0
zj_mYNB7Jlg,cohort3,13751,1274,77,14521,1389,81,9.583420019940192,7.237059026124737,4.406719247264253,8.361841644527962,1
frzMrzw_pDQ,cohort3,22005,151,0,41793,197,0,10.640508067540043,5.288267030694535,0.0,7.970784949732386,0
Q1uudWcokRo,cohort3,81823,1873,11,103486,2544,17,11.547201279934,7.841885928984623,2.8903717578961645,9.569923722445402,1
J4DbUap0BZg,cohort3,161214,2992,15,258377,4447,24,12.46217890794714,8.400209835930418,3.218875824868201,10.319257878034229,1
hK_MNZuuGeY,cohort3,9521,80,0,36263,176,1,10.498580792620686,5.176149732573829,0.6931471805599453,7.9213081134005545,0
zk8w4Dya8_g,cohort3,7382,145,2,33676,344,7,10.424570390754766,5.84354441703136,2.079441541679836,8.21574971373025,1
s_xsGqyAzpI,cohort3,10894,225,1,49516,512,3,10.81007132394014,6.240275845170769,1.3862943611198906,8.496754984027303,1
4EQwN_0F4-E,cohort3,15479,20,0,22386,24,0,10.016235712227882,3.218875824868201,0.0,6.975404174797189,0
1JveZuqNmRI,cohort3,12816,40,0,13510,45,0,9.51125944745996,3.828641396489095,0.0,6.855348087422704,0
jVst40VuzDA,cohort3,12099,10,15,16463,11,17,9.708931458073833,2.4849066497880004,2.8903717578961645,6.859868045570316,0
p-meA4uy4eE,cohort3,6240,185,4,11354,267,4,9.33741345453966,5.5909869805108565,1.6094379124341005,7.4406879581204635,0
nPdZiCG5l8E,cohort3,9738,63,2,10765,65,2,9.284148299120902,4.189654742026425,1.0986122886681098,6.93724663094728,0
DQ0PfQ4dZH8,cohort3,6718,105,1,16393,166,1,9.704670693212975,5.117993812416755,0.6931471805599453,7.427515277708806,0
waw_egstnZE,cohort3,43119,538,13,47078,606,13,10.75958232070683,6.408528791059498,2.6390573296152584,8.642213762703472,1
Su1QwBXmj6w,cohort3,6623,50,2,26895,52,3,10.199732855648396,3.970291913552122,1.3862943611198906,7.449556723566663,0
VxJWnTcsXeE,cohort3,31534,121,0,33761,125,0,10.427091188661334,4.836281906951478,0.0,7.707139285282244,0
W7ywyXGSi7E,cohort3,8392,34,0,16626,64,0,9.71878315904038,4.174387269895637,0.0,7.083586076392918,0
pVnKfsgQMmw,cohort3,26738,103,0,28812,109,0,10.268581953167608,4.700480365792417,0.0,7.57129328163829,0
yOmoEWmAy58,cohort3,21285,31,0,24956,36,0,10.124909622951998,3.610917912644224,0.0,7.158221147564466,0
RiXmHyCW7Mo,cohort3,21815,1214,998,41142,1942,1741,10.624809082278963,7.57198844937744,7.462789157412448,9.392760899921855,1
U6j8_ZHO5k0,cohort3,5393,240,25,7960,335,34,8.982309899088579,5.817111159963204,3.555348061489413,7.490054093591049,0
ss-MMlWVrLY,cohort3,10706,589,7,16030,753,11,9.682279626689674,6.625392368007956,2.4849066497880004,8.045476151394992,1
0XBme2bWQi0,cohort3,19503,2708,119,68343,9170,308,11.132309054831454,9.123801610558944,5.733341276897746,9.98986004375633,1
DhWH-XRwmy4,cohort3,7974,44,0,8933,50,0,9.097619501912064,3.9318256327243257,0.0,6.638119390964536,0
-Ehr7b7ljds,cohort3,3495,275,5,24376,1319,23,10.101395343782077,7.1853870155804165,3.1780538303479458,8.534258693978165,1
UFzE0aPrFJ0,cohort3,27561,80,0,31751,92,0,10.3657109944629,4.532599493153256,0.0,7.579206444623717,0
olBXTQxAnKk,cohort3,19009,24,13,33278,44,22,10.41268184640677,3.80666248977032,3.1354942159291497,7.7031572763680725,0
TeS-6k_BWa0,cohort3,4882,246,39,8945,532,42,9.098961783992792,6.278521424165844,3.7612001156935615,7.719053509214785,0
h6kAY7B-WwE,cohort3,11117,23,0,11487,25,0,9.349058291288005,3.258096538021482,0.0,6.586863936179247,0
pyMNhJXOJOI,cohort3,5718,31,1,6604,37,1,8.795582216956426,3.6375861597263857,0.6931471805599453,6.437939896147766,0
yDVbCPNFz_U,cohort3,4255,197,13,10584,396,25,9.267193183568963,5.983936280687191,3.258096538021482,7.681306448149683,0
rVM522pWfQE,cohort3,9115,12,1,9695,16,1,9.179468708309097,2.833213344056216,0.6931471805599453,6.426959946258317,0
OEhZ0FvfKeE,cohort3,15634,1792,15,32027,3099,32,10.374365799192525,8.039157390473237,3.49650756146648,8.986017452804134,1
SnS_QqS1rRI,cohort3,8003,84,0,55581,265,0,10.925614686816049,5.583496308781699,0.0,8.23041770472414,1
tGBI-X5GdtM,cohort3,6222,0,3,7690,0,3,8.947806093057054,0.0,1.3862943611198906,5.507313091946221,0
6WANHvHT1mI,cohort3,11858,64,2,48349,143,2,10.78622150088144,4.969813299576001,1.0986122886681098,8.072538119268476,1
uzfOQydNpJs,cohort3,2537,40,12,19281,400,53,9.866927297224326,5.993961427306569,3.9889840465642745,8.117243211182993,1
t92n8bszngs,cohort3,9518,38,0,9834,39,0,9.19370273082316,3.688879454113936,0.0,6.6228854747280765,0
v7dFdqvElTE,cohort3,3033,116,65,8622,221,123,9.062188330952324,5.402677381872279,4.820281565605037,7.540144369693581,0
B7IpuDdlFgo,cohort3,6323,23,0,7220,24,0,8.884748726451182,3.218875824868201,0.0,6.29651198333117,0
qJrrNqmdFIM,cohort3,3827,0,2,24978,0,2,10.125790750852646,0.0,1.0986122886681098,6.185335679378399,0
GYW9PV0MtsQ,cohort3,4644,75,1,6782,113,1,8.82217476094608,4.736198448394496,0.6931471805599453,6.783479109141991,0
FlH3raMSdfU,cohort3,2854,36,0,18482,158,2,9.82460666968268,5.068904202220232,1.0986122886681098,7.5252964913424885,0
17s3uKE5ARI,cohort3,13333,101,0,44233,146,1,10.697249003128666,4.990432586778736,0.6931471805599453,7.984793895966815,0
eWAMRSDoiME,cohort3,5580,33,0,6297,35,0,8.74798740166097,3.58351893845611,0.0,6.323848122533414,0
J1Z43pWRbs8,cohort3,15238,862,4,70280,2528,15,11.160256770998894,7.835579246669965,2.772588722239781,9.324086708824304,1
QNUmLNGoO9Y,cohort3,3194,46,0,9320,83,2,9.140025198061156,4.430816798843313,1.0986122886681098,6.923121387356499,0
8c1bpP2kK-4,cohort3,10805,14,2,13921,15,2,9.541225601728613,2.772588722239781,1.0986122886681098,6.666373206575913,0
kRRcjQvOEAU,cohort3,8021,44,0,9281,51,0,9.13583231980112,3.951243718581428,0.0,6.6668725074551,0
gKgqRlV7IeI,cohort3,3089,92,0,23430,308,0,10.061815210915432,5.733341276897746,0.0,7.757091509618583,0
ilVbxQ1917I,cohort3,5309,16,1,5729,17,1,8.653470809708786,2.8903717578961645,0.6931471805599453,6.128508731250116,0
WvKYodJWB8E,cohort3,5009,24,0,5361,25,0,8.587092318795905,3.258096538021482,0.0,6.129684352683988,0
7KK4YdUsrro,cohort3,3415,43,0,4008,50,0,8.296297112642508,3.9318256327243257,0.0,6.1573259574028025,0
T_UiMBuz-7c,cohort3,5465,161,3,9128,208,4,9.11921143856508,5.342334251964811,1.6094379124341005,7.2351709299719005,0
1K_ef78I-cs,cohort3,17918,38,0,29056,109,1,10.277014697108353,4.700480365792417,0.6931471805599453,7.6456676460587305,0
5034udlayJQ,cohort3,2771,19,0,39654,111,1,10.58797232251742,4.718498871295094,0.6931471805599453,7.837647772954974,0
JKQrM8LAkRE,cohort3,1675,0,1,3698,0,2,8.215817791832453,0.0,1.0986122886681098,5.039351903966283,0
A0TZh9YSeUI,cohort3,3958,17,0,4342,16,0,8.376320632534823,2.833213344056216,0.0,5.875756382737758,0
gO3V_8KY3b0,cohort3,10636,38,5,14010,49,5,9.547598014371232,3.912023005428146,1.791759469228055,7.081341657173988,0
u7TFph_gQTY,cohort3,4287,26,1,5418,38,1,8.597666575566114,3.6635616461296463,0.6931471805599453,6.326983157234557,0
xl8d10ISvG4,cohort3,8714,203,5,12088,272,6,9.400051227201992,5.60947179518496,1.9459101490553128,7.517463289782214,0
xgQegicuO3M,cohort3,3871,227,10,7895,586,13,8.974111581113318,6.375024819828097,2.6390573296152584,7.560880127577946,0
Yzq0fac9PX8,cohort3,1287,48,0,12665,465,0,9.446676517076376,6.144185634125646,0.0,7.511261600483519,0
1I3VCOl4ysQ,cohort3,3625,84,0,8762,166,0,9.07829359105585,5.117993812416755,0.0,6.982374298358536,0
HS0kzb8ylHU,cohort3,9663,407,1,21290,545,2,9.966039727193092,6.302618975744905,1.0986122886681098,7.980270757906138,0
qf4Gs6L1DUw,cohort3,2755,57,10,3463,69,10,8.150179269682326,4.248495242049359,2.3978952727983707,6.404445661704039,0
N51SyUqi1Ww,cohort3,5157,43,0,5589,51,0,8.628734566149145,3.951243718581428,0.0,6.362613855263915,0
r6d_yvGCkdE,cohort3,2574,37,6,119052,759,279,11.687324051093515,6.633318433280377,5.634789603169249,9.565868920957147,1
c8bCRfz9mwM,cohort3,3857,25,10,5419,30,14,8.597851094433691,3.4339872044851463,2.70805020110221,6.45971183811598,0
EzyDbu-KYXs,cohort3,3469,168,14,10383,401,35,9.248021438943873,5.996452088619021,3.58351893845611,7.70610038379764,0
LgcXsJEilDo,cohort3,5233,159,1,8219,287,7,9.014325488050224,5.662960480135946,2.079441541679836,7.315427591038902,0
1QG6FjY2AEs,cohort3,14986,677,64,17879,821,82,9.791438048727503,6.71174039505618,4.418840607796598,8.330269008533016,1
LWcdv8IfI5c,cohort3,8260,633,3,16846,986,5,9.731927878386204,6.894670039433482,1.791759469228055,8.086733685784573,1
Q8Sc_05ajBo,cohort3,3910,33,0,4345,34,0,8.377011160816375,3.555348061489413,0.0,6.092811114936649,0
QRdOqeBtTZE,cohort3,2445,84,0,3085,94,0,8.034631032923107,4.553876891600541,0.0,6.186941687234026,0
vEomourPKSg,cohort3,321839,6465,27,806088,9684,41,13.599949437228952,9.178333575841096,3.737669618283368,11.287236696918036,1
28bbsKcpR-U,cohort3,2739,69,1,4055,124,2,8.30795254527102,4.8283137373023015,1.0986122886681098,6.543126877220113,0
a7gmO1BB72A,cohort3,2295,37,7,3298,52,8,8.101374671228582,3.970291913552122,2.19722457733622,6.271634834536407,0
IzayoH-c3Y0,cohort3,14816,544,0,77426,1398,7,11.257090835957568,7.243512974665482,2.079441541679836,9.13525254814217,1
aUzQQScII0E,cohort3,3099,41,0,19532,213,3,9.879860621904973,5.365976015021851,1.3862943611198906,7.676338613761528,0
uhVzRthZ2y8,cohort3,1773,0,1,2673,0,2,7.891330757661889,0.0,1.0986122886681098,4.844659683463944,0
9VcET-JR-l4,cohort3,8051,0,6,15088,0,8,9.62172128051365,0.0,2.19722457733622,5.992755226041812,0
TMEMDflzptE,cohort3,1176,41,9,1258,53,9,7.138073034044347,3.9889840465642745,2.302585092994046,5.709797543695295,0
W3KnFSGm-is,cohort3,2258,18,0,3009,25,0,8.009695357742922,3.258096538021482,0.0,5.783246176052198,0
qdlW6NrC0lY,cohort3,4154,76,0,10700,137,0,9.278092474027002,4.927253685157205,0.0,7.045031589963362,0
kPxIBP_X2Ao,cohort3,1374,47,5,1536,69,7,7.337587743538596,4.248495242049359,2.079441541679836,5.885045372905949,0
6kaSRDa_-iE,cohort3,1229,62,2,5799,296,22,8.66561319653451,5.6937321388027,3.1354942159291497,7.221036981154431,0
fvBKpxS_tLU,cohort3,1605,41,2,2204,53,4,7.698482787880946,3.9889840465642745,1.6094379124341005,5.976728677941259,0
QRXphcwc_zc,cohort3,1487,32,2,1544,32,2,7.342779189331845,3.49650756146648,1.0986122886681098,5.564481010905862,0
9o0kLocjyeo,cohort3,1243,22,1,1428,34,1,7.264730177929867,3.555348061489413,0.6931471805599453,5.4947572432607386,0
3Zp56JVI4U4,cohort3,3659,180,6,6063,384,8,8.710124927322207,5.953243334287785,2.19722457733622,7.2317704144132815,0
Yq8G-i9imX8,cohort3,4089,37,0,5695,57,0,8.647519453091812,4.060443010546419,0.0,6.406644575019013,0
GMKsqOkrryc,cohort3,23572,650,4,31303,866,4,10.351501163890248,6.765038976780541,1.6094379124341005,8.40135618261172,1
6FZ8A43m8Rg,cohort3,1548,137,4,6476,524,10,8.776012719182917,6.263398262591624,2.3978952727983707,7.384416637567074,0
JdSEetzVY8U,cohort3,2987,16,0,27437,104,4,10.21968419288611,4.653960350157523,1.6094379124341005,7.688942412022333,0
Co6WstKZoMo,cohort3,1744,25,0,5649,91,4,8.639410824140487,4.5217885770490405,1.6094379124341005,6.701126858842414,0
0y71_9fQuI0,cohort3,969,20,0,993,21,0,6.901737206656574,3.091042453358316,0.0,5.068355060001439,0
Y_hnAMTtgkE,cohort3,895,26,0,897,26,0,6.8001700683022,3.295836866004329,0.0,5.0688531007826185,0
nkydxta3qlE,cohort3,1622,12,0,1639,12,0,7.402451520818244,2.5649493574615367,0.0,5.210955719729407,0
HwgjpETU3kQ,cohort3,4965,20,0,5908,27,0,8.684231891345675,3.332204510175204,0.0,6.210200487859966,0
ClhLO8o5eRo,cohort3,7979,457,8,12130,651,13,9.40351943877092,6.480044561926653,2.6390573296152584,7.850030764802073,0
OnPBmf2Jvyc,cohort3,902,12,4,901,12,4,6.804614520062624,2.5649493574615367,1.6094379124341005,5.013197310519446,0
ACFNRfV4l50,cohort3,1844,12,0,7509,41,0,8.92399074475818,3.737669618283368,0.0,6.475695332339918,0
9HK_T7qsR_8,cohort3,4001,206,6,5975,343,6,8.695506726812653,5.840641657373398,1.9459101490553128,7.164087548205141,0
NU4s4iD5YC0,cohort3,1834,23,6,3831,29,10,8.251142139090751,3.4011973816621555,2.3978952727983707,6.210834025232933,0
GWvG4nX-NHM,cohort3,1050,49,0,1057,50,0,6.964135612418245,3.9318256327243257,0.0,5.3580290572682445,0
20ZF4aaXqn8,cohort3,2353,13,1,2468,15,1,7.81156848934518,2.772588722239781,0.6931471805599453,5.588032428335037,0
LzgUtaCtofw,cohort3,1714,9,0,1915,12,0,7.557994958530806,2.5649493574615367,0.0,5.304281782356944,0
rrEOxchfbLk,cohort3,1430,44,7,1702,65,10,7.440146680662688,4.189654742026425,2.3978952727983707,5.960773958285377,0
M7FrPP39lSg,cohort3,1147,0,3,1165,0,3,7.061334366910438,0.0,1.3862943611198906,4.375430056258251,0
5m_hVuNUK2Y,cohort3,2598,10,0,12059,59,0,9.397649470281175,4.0943445622221,0.0,6.866893050835335,0
h_P1_Q3sZ1Y,cohort3,7396,334,3,23031,1118,5,10.044639832292011,7.020190708311925,1.791759469228055,8.31201705879159,1
jgfmmPpHBb0,cohort3,1572,12,0,3382,24,0,8.12651816878071,3.218875824868201,0.0,5.841573648728886,0
i9z19FoOVmc,cohort3,8015,1125,89,49582,4809,347,10.811403312028094,8.478452363099807,5.8522024797744745,9.615597944124247,1
u9lKPGfNOnI,cohort3,7563,145,0,11470,210,0,9.347577390281268,5.351858133476067,0.0,7.214103874211581,0
NFwiUtyFQac,cohort3,1834,49,2,1891,50,2,7.545389749611823,3.9318256327243257,1.0986122886681098,5.816642768451203,0
QVkelJjEnMk,cohort3,1060,31,0,1145,33,0,7.044032897274685,3.5263605246161616,0.0,5.2843278957496596,0
SeQP9MRmz8o,cohort3,1877,49,2,9655,572,8,9.175334762777368,6.35088571671474,2.19722457733622,7.630189030414464,0
FcO0H0qgmCA,cohort3,1268,44,3,1532,53,3,7.334981878871814,3.9889840465642745,1.3862943611198906,5.7363137774043595,0
w4cYUu8EOYQ,cohort3,1565,23,0,1973,28,0,7.587817219993427,3.367295829986474,0.0,5.562879080991999,0
j93ssOoHX-A,cohort3,1176,10,1,1178,10,2,7.072421900537371,2.3978952727983707,1.0986122886681098,5.072682951028745,0
CnfbB7fSOF8,cohort3,1378,25,1,1396,25,1,7.242082359256962,3.258096538021482,0.6931471805599453,5.391993095016616,0
wqkhoaAGTfs,cohort3,1102,5,0,1153,5,0,7.050989447068045,1.791759469228055,0.0,4.7681215090092435,0
BiIcQciyVB8,cohort3,1369,0,0,1418,0,2,7.257707677160043,0.0,1.0986122886681098,4.4644858351628365,0
1r8dwTYGNSk,cohort3,2507,118,3,3402,183,3,8.132412674500905,5.214935757608986,1.3862943611198906,6.582557768095228,0
ZrXpXQvjcQQ,cohort3,2450,57,12,3718,73,14,8.22121009392507,4.30406509320417,2.70805020110221,6.494750604426513,0
Xur7XgOl_yA,cohort3,965,1,0,983,1,0,6.891625897052253,0.6931471805599453,0.0,4.342919692399335,0
u32RFc_9pfM,cohort3,1377,51,1,2548,104,3,7.8434564043761155,4.653960350157523,1.3862943611198906,6.2408913837849145,0
lEHEnK1bduA,cohort3,1047,11,0,1091,12,0,6.9957661563048505,2.5649493574615367,0.0,4.966944501021372,0
5KOpzd0TEy8,cohort3,1431,16,0,1459,16,0,7.286191714702382,2.833213344056216,0.0,5.221679032038294,0
EjcuQGPt1R0,cohort3,1030,6,0,1039,6,0,6.946975992135418,1.9459101490553128,0.0,4.751958639997845,0
hbcGLmkW_-o,cohort3,1194,43,36,1396,58,36,7.242082359256962,4.07753744390572,3.610917912644224,5.9296024399903144,0
AHRoWLpTs1Q,cohort3,1131,12,0,1162,14,0,7.0587581525186645,2.70805020110221,0.0,5.047669951841861,0
JUOOcUHYLn0,cohort3,10946,247,3,17295,310,3,9.758230539878989,5.739792912179234,1.3862943611198906,7.7155056336931525,0
41pazsoQsKc,cohort3,1090,9,0,1087,10,0,6.992096427415888,2.3978952727983707,0.0,4.914626438289043,0
7zGi37_Mo-M,cohort3,23797,166,0,118337,682,2,11.68130021563156,6.52649485957079,1.0986122886681098,9.076589816116984,1
MyFNOo1_GKg,cohort3,11719,67,3,28237,175,6,10.248423867569471,5.170483995038151,1.9459101490553128,7.894790533958659,0
6iGOhNr9-Ko,cohort3,3188,179,4,27364,363,31,10.21702010357802,5.8971538676367405,3.4657359027997265,8.245931812717807,1
kYjC2EAQMaE,cohort3,1355,44,0,1847,76,1,7.521859252201629,4.343805421853684,0.6931471805599453,5.885571895933077,0
3nxJt1ticUA,cohort3,2448,4,0,2806,4,0,7.939871576361883,1.6094379124341005,0.0,5.246754319547359,0
WouyFAMASzY,cohort3,888,7,0,892,8,0,6.794586580876499,2.19722457733622,0.0,4.735919321726765,0
c9W2QvR2R3s,cohort3,1224,20,0,1259,21,0,7.138866999945524,3.091042453358316,0.0,5.210632935974809,0
R4Q86Hhs9zE,cohort3,1745,40,1,4486,72,3,8.408939605975984,4.290459441148391,1.3862943611198906,6.471131032042097,0
yMlw2IrGlIo,cohort3,705,0,0,742,0,0,6.610696044717759,0.0,0.0,3.9664176268306552,0
FMRGBRCqg_s,cohort3,1447,18,1,1524,20,1,7.329749689041512,3.044522437723423,0.6931471805599453,5.380521262797928,0
TgVHw74SKAI,cohort3,1103,16,0,1131,17,0,7.0317412587631285,2.8903717578961645,0.0,5.086156282626726,0
RnOwfKZvffw,cohort3,6130,245,2,7341,320,2,8.90136656405678,5.771441123130016,1.0986122886681098,7.182113504239883,0
GqcfZHiXJMA,cohort3,4304,53,1,11576,151,2,9.356775650205728,5.0238805208462765,1.0986122886681098,7.231090775244131,0
IRjofNhuNeQ,cohort3,2636,26,0,2636,27,0,7.877397186353287,3.332204510175204,0.0,5.726099664864533,0
0EmFi6I4qkQ,cohort3,2351,108,3,4335,197,4,8.374707543119483,5.288267030694535,1.6094379124341005,6.7722484263234595,0
f5eSl4dosW8,cohort3,2122,253,2,5530,686,11,8.618123909994678,6.532334292222349,2.4849066497880004,7.3790652986423115,0
W2VbetxSgcg,cohort3,1978,98,4,4373,208,8,8.383433201236713,5.342334251964811,2.19722457733622,6.852482654065092,0
nCmDTuykDNE,cohort3,1901,81,6,2694,103,6,7.899153483343097,4.6443908991413725,1.9459101490553128,6.327400374653801,0
pIXV1-kNi2c,cohort3,1185,70,4,1262,78,4,7.141245122350491,4.3694478524670215,1.6094379124341005,5.756525220393811,0
CozvUZg2uBg,cohort3,1137,34,9,1254,37,13,7.134890851565884,3.6375861597263857,2.6390573296152584,5.636116091818971,0
PCLJT8XxKe8,cohort3,2778,15,0,2943,16,0,7.987524479848767,2.833213344056216,0.0,5.642478691126125,0
wj4MXY7tMnI,cohort3,914,38,0,983,42,0,6.891625897052253,3.7612001156935615,0.0,5.26333557293942,0
x-uMJCmzyL4,cohort3,1224,12,1,1264,12,1,7.142827401161621,2.5649493574615367,0.6931471805599453,5.124495965991428,0
wtiK8FpQLs8,cohort3,997,22,3,1006,23,3,6.914730892718563,3.1780538303479458,1.3862943611198906,5.24088412084751,0
6BIPEdM8MY8,cohort3,814,38,2,1866,65,4,7.532088143541722,4.189654742026425,1.6094379124341005,5.937093099976371,0
Cjn-3BYO3rY,cohort3,2052,16,0,20545,115,0,9.93042155377621,4.7535901911063645,0.0,7.384329989597635,0
vUL-pF-Lp6Q,cohort3,1344,16,4,1483,22,4,7.302496423727326,3.1354942159291497,1.6094379124341005,5.48308991025855,0
JZDMT_gjetA,cohort3,1798,16,1,1820,16,1,7.507141079727608,2.833213344056216,0.6931471805599453,5.4235633691094245,0
C23ATAn5M3U,cohort3,644,9,1,691,11,1,6.539585955617669,2.4849066497880004,0.6931471805599453,4.738538286362996,0
rbAvc2bNelQ,cohort3,2647,68,2,5047,121,2,8.52674740422105,4.804021044733257,1.0986122886681098,6.667115984819418,0
6HsbJ7z5ctI,cohort3,1527,29,0,1630,29,0,7.396948602621014,3.4011973816621555,0.0,5.458528376071254,0
hAtKWR-1pEs,cohort3,3530,109,0,25536,549,0,10.147883659883789,6.309918278226516,0.0,7.981705679398228,0
NCdoTXYsP_A,cohort3,1049,0,0,1593,0,0,7.374001859350161,0.0,0.0,4.424401115610096,0
Vb5RADCkce8,cohort3,943,30,0,952,31,0,6.859614903654202,3.4657359027997265,0.0,5.155489713032439,0
0snHIFYRrOo,cohort3,3086,3,0,3748,4,0,8.229244416735913,1.6094379124341005,0.0,5.420378023771778,0
1U_B9mn_pzk,cohort3,1142,27,1,1146,27,2,7.044905117129371,3.332204510175204,1.0986122886681098,5.336465652196995,0
wwfWbtGt4T8,cohort3,1047,6,0,1347,11,0,7.206377291472252,2.4849066497880004,0.0,5.069298369819752,0
ZtyawLxEZpI,cohort3,1037,27,0,1499,46,1,7.313220387090301,3.8501476017100575,0.6931471805599453,5.6122912308231925,0
VpfZv0CsRoA,cohort3,776,7,0,779,7,0,6.659293919683638,2.079441541679836,0.0,4.619408814314133,0
gCGWzckiahI,cohort3,1261,17,0,1274,19,0,7.150701457592526,2.995732273553991,0.0,5.189140556621712,0
Vev-BMcXHho,cohort3,992,13,2,1722,20,2,7.45182223652793,3.044522437723423,1.0986122886681098,5.494311302100596,0
pggjv6EZRu4,cohort3,1707,25,0,3012,45,0,8.0106915391303,3.828641396489095,0.0,5.955007342424909,0
tThXHX6KekA,cohort3,1000,35,0,1151,43,0,7.049254841255837,3.784189633918261,0.0,5.364809794928981,0
UMdUjZomNsU,cohort3,690,21,0,1035,34,0,6.943122422819428,3.555348061489413,0.0,5.232477872138481,0
eKzb1RKYSUM,cohort3,1892,15,0,1936,17,0,7.5688956634069955,2.8903717578961645,0.0,5.408448925413047,0
JgqiD7TKJX4,cohort3,1097,3,0,1463,4,0,7.288927694521257,1.6094379124341005,0.0,4.856187990442984,0
OYCSDuV3_fY,cohort3,10000,0,2,25355,0,5,10.140770667404055,0.0,1.791759469228055,6.263638347365239,0
uuRSIghKJ8s,cohort3,919,14,0,1275,22,2,7.151485463904735,3.1354942159291497,1.0986122886681098,5.341400771988397,0
tVVN5rfFcpI,cohort3,1422,14,3,1587,17,5,7.370230641807081,2.8903717578961645,1.791759469228055,5.468425859375904,0
Xv9DUx1NoDw,cohort3,27754,152,30,56148,262,53,10.935764150568996,5.572154032177765,3.9889840465642745,8.632003104651155,1
VBJoaZXapAg,cohort3,7000,601,24,12049,1024,29,9.3968199389188,6.932447891572509,3.4011973816621555,8.057946068989247,1
UHoU2jGoHiY,cohort3,1450,0,2,1700,0,3,7.438971592395862,0.0,1.3862943611198906,4.602012391549506,0
QcBLVviuFns,cohort3,12175,58,3,20086,91,4,9.907828118634548,4.5217885770490405,1.6094379124341005,7.462177235538851,0
fRv8KKbyPNQ,cohort3,696,30,2,7604,362,27,8.936561204693394,5.8944028342648505,3.332204510175204,7.463478024113011,0
M7KyduM8WA4,cohort3,2027,20,2,5791,60,6,8.664232934065552,4.110873864173311,1.9459101490553128,6.626392934596856,0
y89mRR2jby4,cohort3,795,7,6,818,8,6,6.70808408385307,2.19722457733622,1.9459101490553128,4.878608838418239,0
S9XMknRveG0,cohort3,5306,9,0,8224,11,0,9.014933575633572,2.4849066497880004,0.0,6.154432140316543,0
MA76_CJ63xY,cohort3,1573,13,1,4578,32,1,8.429235912657095,3.49650756146648,0.6931471805599453,6.175808534090195,0
oFvdABEfMCY,cohort3,1473,34,0,1478,34,0,7.2991214627108,3.555348061489413,0.0,5.4460772960733035,0
4lTm24zr_JQ,cohort3,4087,182,1,6218,242,1,8.735364401103888,5.493061443340548,0.6931471805599453,6.958451791720492,0
lOCar5PWRB4,cohort3,2885,27,5,3771,36,5,8.235360643753348,3.610917912644224,1.791759469228055,6.203667706968081,0
SMH2HgXPC6k,cohort3,3994,102,1,12848,339,2,9.46102126628348,5.828945617610208,1.0986122886681098,7.535157673919961,0
BwZUvus7RMA,cohort3,11033,16,1,12755,17,1,9.453757028129948,2.8903717578961645,0.6931471805599453,6.608680462302813,0
03_e2NIlDT8,cohort3,729,59,19,803,66,22,6.689599269178967,4.204692619390966,3.1354942159291497,5.588716768917585,0
Cm4ymJFaTC0,cohort3,1557,26,1,1555,26,1,7.349873704738337,3.295836866004329,0.6931471805599453,5.467990000700295,0
AahJtOM0hGA,cohort3,1342,57,4,1362,61,4,7.217443431696533,4.127134385045092,1.6094379124341005,5.7295501657748575,0
AuDUu1V5Re8,cohort3,4858,31,0,5181,46,0,8.552946361122055,3.8501476017100575,0.0,6.2868120971862504,0
AFNNIGP6kks,cohort3,15706,20,0,16399,20,0,9.70503661381229,3.044522437723423,0.0,6.7363786996044,0
yOW1GzpaFAw,cohort3,26377,160,2,33733,189,2,10.42626150981796,5.247024072160486,1.0986122886681098,7.9397253564057335,0
NA1e_JYfPI0,cohort3,7832,188,0,10313,213,0,9.241257474610904,5.365976015021851,0.0,7.154547289273098,0
leYD-nmMeBI,cohort3,16049,93,0,22026,130,0,10.000024252584158,4.875197323201151,0.0,7.46257374851084,0
UKIYr0bkvKo,cohort3,9882,0,0,11033,0,0,9.308736693832376,0.0,0.0,5.585242016299426,0
U7kKKGLCyow,cohort3,4941,98,1,6580,112,2,8.791941988456118,4.727387818712341,1.0986122886681098,6.803242767554185,0
GAls3kX-EJg,cohort3,1008,41,10,1368,128,38,7.221835825288449,4.859812404361672,3.6635616461296463,6.157401381094536,0
1SinRmfSX6A,cohort3,27677,80,0,101631,231,0,11.529113725166752,5.44673737166631,0.0,8.551489446599945,1
RBPPWEFIuAc,cohort3,1558,20,2,2357,23,2,7.765569081097317,3.1780538303479458,1.0986122886681098,5.722618826629585,0
iiWNKfPrnM8,cohort3,640,0,5,644,0,5,6.4692503167957724,0.0,1.791759469228055,4.060726137000269,0
xcCqwINGNg8,cohort3,26407,111,124,27344,119,131,10.216288975780872,4.787491742782046,4.882801922586371,8.054301100561773,1
ZBnRHPhlumM,cohort3,431,25,14,421,25,14,6.045005314036012,3.258096538021482,2.70805020110221,4.875237169938273,0
uSsuA2zjPKg,cohort3,15732,73,0,32857,135,0,10.399950525466284,4.912654885736052,0.0,7.7137667810005865,0
i2PmasH5y9k,cohort3,13909,187,70,15182,212,89,9.627931659882188,5.3612921657094255,4.499809670330265,7.835127612675166,0
XsT0jJTCJgc,cohort3,1306,18,0,1330,20,2,7.193685818395112,3.044522437723423,1.0986122886681098,5.339429451220905,0
lB7NBsPpqJ0,cohort3,2038,110,0,2477,144,1,7.815207062189088,4.976733742420574,0.6931471805599453,6.2514590780956185,0
gLR2W1FJ8P0,cohort3,567,6,1,573,6,1,6.352629396319567,1.9459101490553128,0.6931471805599453,4.4646654005643285,0
Od4mfgOFaqg,cohort3,862,108,5,1154,169,23,7.051855622955894,5.135798437050262,3.1780538303479458,6.08965828792341,0
2aCu6ux25MI,cohort3,711,1,0,814,2,0,6.703188113240863,1.0986122886681098,0.0,4.35149655454495,0
l0DI2iB9ldw,cohort3,1077,6,1,2254,8,3,7.720905251936779,2.19722457733622,1.3862943611198906,5.430339960474922,0
g3fEtSyQloo,cohort3,1837,7,0,2084,9,0,7.642524134232902,2.302585092994046,0.0,5.276290008437955,0
Q3kRndcte0E,cohort3,15008,83,0,109350,1143,2,11.602318171010516,7.042286171939743,1.0986122886681098,9.183937983055042,1
Vo1vv_Ym5Cc,cohort3,1759,44,1,3619,114,1,8.194229304819817,4.74493212836325,0.6931471805599453,6.40933193945686,0
w3d9nSdTGRM,cohort3,691,4,2,717,5,5,6.576469569048224,1.791759469228055,1.791759469228055,4.662585529120157,0
_ORVex7RgzM,cohort3,2329,34,0,23512,345,4,10.065308738667603,5.846438775057725,1.6094379124341005,7.954060666961289,0
Gn-mNHd7TXk,cohort3,307,0,1,328,0,2,5.796057750765372,0.0,1.0986122886681098,3.587495879326034,0
LLmASTg5zTA,cohort3,183,3,0,195,4,0,5.278114659230517,1.6094379124341005,0.0,3.64970016926854,0
kpg781AgU9k,cohort3,16,3,0,19,3,0,2.995732273553991,1.3862943611198906,0.0,2.2133276724683615,0
fH31AerO5ug,cohort3,1352,44,6,1346,46,8,7.205635176410364,3.8501476017100575,2.19722457733622,5.6981478440928575,0
H76uwtIK1os,cohort3,107,3,0,116,4,0,4.762173934797756,1.6094379124341005,0.0,3.340135734608884,0
ME1MlJrfHb4,cohort3,953,9,0,1052,11,0,6.959398512133975,2.4849066497880004,0.0,4.921111102216785,0
0TeTLQd_Kgk,cohort3,2617,52,2,4764,118,5,8.469052816088302,4.77912349311153,1.791759469228055,6.694344684509246,0
3OMGaTmBCvQ,cohort3,184,0,0,217,0,0,5.384495062789089,0.0,0.0,3.2306970376734534,0
fQmxUC8Di9E,cohort3,2739,215,0,2775,228,0,7.928766321626695,5.43372200355424,0.0,6.387376394042288,0
ddfqymtwp6E,cohort3,738,7,0,801,8,0,6.687108607866515,2.19722457733622,0.0,4.671432537920775,0
p-AFzTLnii0,cohort3,1297,8,0,1307,8,0,7.176254532017144,2.19722457733622,0.0,4.964920092411152,0
BBLOOKAzogo,cohort3,4177,65,2,10209,196,4,9.231122911158712,5.2832037287379885,1.6094379124341005,7.284578656560033,0
SVOkqzzftNc,cohort3,2877,7,0,23449,19,0,10.062625773874425,2.995732273553991,0.0,6.936295146390852,0
7DQBb4TSuFg,cohort3,32493,240,1,38037,307,1,10.546340939041606,5.730099782973574,0.6931471805599453,8.11614921637303,1
FY0b8kfAWqE,cohort3,16395,283,15,25086,520,29,10.13010506266184,6.255750041753367,3.4011973816621555,8.29490778828933,1
HpW0hFFUfzM,cohort3,21953,1765,1,23641,1900,2,10.070780070310322,7.550135342488429,1.0986122886681098,8.417369873799531,1
BZAK7bPZRIk,cohort3,47164,1462,12,129975,3053,16,11.775105097009586,8.024207485778577,2.833213344056216,9.755646638344947,1
NiFzocRzTnA,cohort3,1090812,19374,252,1369233,25522,314,14.129762017348554,10.14733528540863,5.752572638825633,12.097315059914283,1
EkzAJE9jCMI,cohort3,16984,505,0,56698,952,1,10.945511852876011,6.859614903654202,0.6931471805599453,8.69450630087786,1
fKzhDNkNHgY,cohort3,11396,38,0,16207,55,0,9.693260226488464,4.02535169073515,0.0,7.023561643113623,0
KokmUFJhgOE,cohort3,63386,4691,34,174158,7806,45,12.067723954045366,8.962776046120291,3.828641396489095,10.312331325912217,1
2XfipfdRetU,cohort3,9471,175,1,19984,309,1,9.902737271145424,5.736572297479192,0.6931471805599453,7.7319287699870065,0
GG5Xop0s-Ss,cohort3,5069,62,0,24009,98,0,10.0862256892153,4.59511985013459,0.0,7.430271368569557,0
LPA4ajdgboQ,cohort3,31901,914,53,33323,947,54,10.4140331370948,6.854354502255021,4.007333185232471,8.705459551456633,1
XleHdxX7c1o,cohort3,15619,204,14,20211,250,12,9.9140317664118,5.525452939131784,2.5649493574615367,7.862549877332769,0
xq3JtqC2tic,cohort3,14088,294,2,22626,409,3,10.026899162451327,6.016157159698354,1.3862943611198906,7.959616081492291,0
-pzEgeUEUJI,cohort3,31083,151,0,31126,151,0,10.345830888730728,5.0238805208462765,0.0,7.71466268949232,0
t62ES0itVWA,cohort3,29991,204,0,48153,267,0,10.782159487503774,5.5909869805108565,0.0,8.14659178665552,1
2kru4OOwgs8,cohort3,20976,160,6,38698,245,13,10.56356903889074,5.5053315359323625,2.6390573296152584,8.25364661707568,1
HEgID7liLxk,cohort3,4460,111,2,13269,607,11,9.493261127326251,6.410174881966167,2.4849066497880004,7.8674998059644015,0
Y7bkcfBLQvs,cohort3,20798,47,1,48757,95,1,10.794624565526744,4.564348191467836,0.6931471805599453,7.915393914812392,0
AYveM58k934,cohort3,3979,54,2,11383,139,7,9.339964139769688,4.941642422609304,2.079441541679836,7.294415364812587,0
pfPskj9X5RQ,cohort3,5174,53,9,7335,90,11,8.9005490139363,4.51085950651685,2.4849066497880004,6.942077925295636,0
Z8L3kUjfzII,cohort3,31512,507,7,48631,594,9,10.792037029428558,6.38856140554563,2.302585092994046,8.62204914862023,1
ftWyAkuA9A0,cohort3,9561,43,1,13428,75,2,9.505171826581176,4.330733340286331,1.0986122886681098,7.112184326901416,0
6l0IAaeQV9o,cohort3,10762,87,4,10846,88,4,9.291643823040218,4.48863636973214,1.6094379124341005,7.082520995987182,0
RqTZOQYeSj8,cohort3,16854,332,1,23800,473,1,10.077482875583607,6.161207321695077,0.6931471805599453,7.964166639914682,0
4KhF-pf3yTQ,cohort3,3301,55,2,3676,63,3,8.209852481301272,4.158883083359672,1.3862943611198906,6.312205849900654,0
T6GNRDi5b3Y,cohort3,7174,221,18,7220,226,18,8.884748726451182,5.424950017481403,2.9444389791664403,7.252778139031775,0
tnDGeZGeUWI,cohort3,7478,5,0,18960,12,1,9.850139517034204,2.5649493574615367,0.6931471805599453,6.748883235514978,0
IDZ2lFb2wTM,cohort3,3334,15,0,4788,23,0,8.47407690034261,3.1780538303479458,0.0,6.037862289309949,0
D58uQP2HG94,cohort3,34383,168,0,38282,194,0,10.552761212402086,5.272999558563747,0.0,7.913556595010375,0
ifqkEvuqHbI,cohort3,43131,1338,10,127373,2121,17,11.754882919660057,7.660114319173928,2.8903717578961645,9.640001223337828,1
lzaOLtEOqgI,cohort3,13462,23,1,23251,34,1,10.05414642882124,3.555348061489413,0.6931471805599453,7.1684069937955615,0
PUI3hPRXTEQ,cohort3,4395,25,0,5369,23,0,8.58858318750291,3.1780538303479458,0.0,6.10656606160613,0
15JwNKYy6Vg,cohort3,25461,735,67,34032,999,79,10.435085921117388,6.907755278982137,4.382026634673881,8.771580799832462,1
RvJAtMuBV5g,cohort3,4620,54,0,11884,101,0,9.383032379794294,4.624972813284271,0.0,7.017311271861858,0
Es8bRaKZHkQ,cohort3,1399,21,0,1699,27,0,7.438383530044307,3.332204510175204,0.0,5.462691471079145,0
gm-iEVxl5Ew,cohort3,1964,19,7,2002,22,8,7.602401335665818,3.1354942159291497,2.19722457733622,5.721811523911858,0
FyckdNPkmVk,cohort3,7356,122,1,18686,239,3,9.835583373922256,5.480638923341991,1.3862943611198906,7.68417113746794,0
0spHr4gCY4w,cohort3,5495,0,0,9851,0,1,9.195429759240428,0.0,0.6931471805599453,5.586572573600251,0
_GWFMlcwnF8,cohort3,5356,16,0,6983,19,0,8.851377097519439,2.995732273553991,0.0,6.20954594057786,0
Q8XB2RQ3ROI,cohort3,1518,10,1,1593,10,1,7.374001859350161,2.3978952727983707,0.6931471805599453,5.213084415505602,0
6ifUbpbI55M,cohort3,2449,23,1,8372,58,2,9.032767522204432,4.07753744390572,1.0986122886681098,6.752782975361186,0
bL7XBZJboNM,cohort3,3637,39,1,9617,90,2,9.171391621837609,4.51085950651685,1.0986122886681098,6.965954053924431,0
GyrTFM9gmXY,cohort3,1849,24,0,2333,28,0,7.755338812846501,3.367295829986474,0.0,5.663392036703843,0
a2XfZ4VXvGA,cohort3,2252,26,0,2250,27,0,7.719129840906732,3.332204510175204,0.0,5.6311392575966,0
gRV8O-JrxOY,cohort3,3506,132,13,5006,191,19,8.518592212329946,5.2574953720277815,2.995732273553991,6.987977166361701,0
TJveAqdT5EA,cohort3,1746,26,0,1753,26,0,7.469654172932128,3.295836866004329,0.0,5.470543563560575,0
mDYRXJ0p4PQ,cohort3,1212,18,0,1238,18,0,7.122059881629142,2.9444389791664403,0.0,5.156567622727417,0
5y8TUm2aD0o,cohort3,5805,34,0,13788,72,0,9.531626451841742,4.290459441148391,0.0,7.006113703449563,0
p9UYqskIoQA,cohort3,11000,525,9,20485,731,18,9.92749700499648,6.595780513961311,2.9444389791664403,8.229676255102925,1
xzKUi93pPHA,cohort3,22869,1249,40,23178,1266,48,10.051001975324676,7.144407180321139,3.8918202981106265,8.563105369102209,1
rT-NLSHcE9s,cohort3,2664,18,0,4191,39,0,8.340933226000878,3.688879454113936,0.0,6.111223771834707,0
-_mHx7Ft5wU,cohort3,1166,41,1,1185,43,1,7.078341579557671,3.784189633918261,0.6931471805599453,5.451576555966075,0
AlSZCsLEIgs,cohort3,1151,25,0,1429,30,0,7.265429723253953,3.4339872044851463,0.0,5.389453995297916,0
r3gidU4xS7I,cohort3,959,0,0,1150,0,0,7.048386408721883,0.0,0.0,4.22903184523313,0
uilr_SZtOUI,cohort3,5186,167,7,8017,249,7,8.989444293202451,5.521460917862246,2.079441541679836,7.258049005448128,0
7D9WIfmzntE,cohort3,2982,124,4,2998,125,4,8.00603417874901,4.836281906951478,1.6094379124341005,6.415448870578259,0
64Kgdkeu624,cohort3,1331,22,1,1899,31,1,7.549609165154532,3.4657359027997265,0.6931471805599453,5.638800987988632,0
8DQIdUPSTSI,cohort3,1307,16,1,1408,16,3,7.25063551189868,2.833213344056216,1.3862943611198906,5.338974746468062,0
QZsiQ82Z2NQ,cohort3,10989,115,0,11459,123,0,9.346617990268731,4.820281565605037,0.0,7.05405526384275,0
f3rQ9mfaMTQ,cohort3,1021,26,1,1027,26,1,6.93537044601511,3.295836866004329,0.6931471805599453,5.219288045466359,0
gZeUZ59Isp0,cohort3,877,33,4,1031,56,4,6.939253946041508,4.04305126783455,1.6094379124341005,5.53741153921868,0
L7Z0xXi8K7c,cohort3,877,26,0,927,28,0,6.833031732786201,3.367295829986474,0.0,5.110007788667662,0
1CumQ1UO9IE,cohort3,11022,265,5,14087,320,5,9.553078650176042,5.771441123130016,1.791759469228055,7.642455473967435,0
ehJEp8UBqVI,cohort3,734,4,1,717,4,1,6.576469569048224,1.6094379124341005,0.6931471805599453,4.498027833215159,0
llkjHbzopc8,cohort3,41373,574,4,68899,704,4,11.14041145700175,6.558197802812269,1.6094379124341005,8.812650006288141,1
6MTTJ_sesws,cohort3,6591,254,6,8720,451,9,9.073489189226986,6.113682179832232,2.302585092994046,7.508456676785266,0
ES7Fm2NxK0Y,cohort3,1236,46,1,1266,50,1,7.144407180321139,3.9318256327243257,0.6931471805599453,5.535506716065975,0
hPspv_cG0T4,cohort3,1437,13,2,1598,15,5,7.377133712833954,2.772588722239781,1.791759469228055,5.437232791295113,0
gMoqx9_XKWA,cohort3,10407,134,1,12931,150,1,9.467460138845324,5.017279836814924,0.6931471805599453,7.254974752407666,0
fKQ_8fCJiBQ,cohort3,1413,34,2,1415,34,3,7.255591274253665,3.555348061489413,1.3862943611198906,5.558588619111012,0
erHoZyk8jOU,cohort3,5820,131,11,8627,176,12,9.062768007509048,5.176149732573829,2.5649493574615367,7.247000660023731,0
TUR6yFb7sVI,cohort3,1434,111,21,1661,149,22,7.415776975415394,5.010635294096256,3.1354942159291497,6.266206195071029,0
UrRo4FbJfgI,cohort3,762,55,3,1148,97,3,7.046647277848756,4.584967478670572,1.3862943611198906,5.7421080464224135,0
p9hMaOcN-h0,cohort3,693,6,0,861,11,1,6.759255270663693,2.4849066497880004,0.6931471805599453,4.87033987539061,0
BPzQ7h1WteM,cohort3,913,17,1,968,19,1,6.876264611890766,2.995732273553991,0.6931471805599453,5.093793167256651,0
Myf61iqyVaI,cohort3,439,12,0,438,12,0,6.084499413075172,2.5649493574615367,0.0,4.4201844550835645,0
ODkYVR6PR5U,cohort3,1095,37,0,1635,44,0,7.400009517162692,3.80666248977032,0.0,5.58200445722871,0
NLIVrkP2KnQ,cohort3,773,9,1,950,9,1,6.85751406254539,2.302585092994046,0.6931471805599453,4.874598683481442,0
htdw_jINtxY,cohort3,1254,49,0,3924,153,0,8.275121630216509,5.0369526024136295,0.0,6.476158758853994,0
bkuCXbCczuo,cohort3,1280,20,3,1282,21,3,7.1569563646156364,3.091042453358316,1.3862943611198906,5.360115990888866,0
oiCnT4xsyvE,cohort3,1137,0,6,1187,0,7,7.080026499922591,0.0,2.079441541679836,4.455960054121538,0
VVXPeqoXlag,cohort3,1211,0,0,1573,0,0,7.361375428977347,0.0,0.0,4.4168252573864075,0
4tNYDcnwu3Q,cohort3,1858,99,2,1858,99,2,7.527793987721444,4.605170185988092,1.0986122886681098,6.008088677296105,0
5Q0RrkIzGWE,cohort3,3641,802,14,8498,1558,26,9.047703788498628,7.351799869057777,3.295836866004329,7.963745920416942,0
w9ns9UkSACY,cohort3,4117,434,16,6052,538,17,8.708309295891688,6.289715570908998,2.8903717578961645,7.400937424597329,0
tEaHmIkAOKc,cohort3,7473,175,1,27584,461,2,10.22502742570653,6.135564891081739,1.0986122886681098,8.08554715161525,1
L6RkCe94EOw,cohort3,3761,23,0,9377,29,0,9.146121799649531,3.4011973816621555,0.0,6.508032294288365,0
J8IaK5crBY0,cohort3,984,6,4,990,7,5,6.898714534329988,2.079441541679836,1.791759469228055,4.94223713002475,0
qlytOiz-VF8,cohort3,1205,0,0,1340,0,0,7.201170883281678,0.0,0.0,4.320702529969007,0
qxv2nKYBfh4,cohort3,1921,52,0,1930,52,0,7.565793282428515,3.970291913552122,0.0,5.730563543522745,0
FCHM-DT1Ock,cohort3,1546,76,0,1702,101,1,7.440146680662688,4.624972813284271,0.6931471805599453,5.920894570438889,0
Q2s6CtBHfYI,cohort3,1196,72,0,1373,91,0,7.2254814727822945,4.5217885770490405,0.0,5.6918254567840885,0
qMLjDg_97sE,cohort3,2363,383,1,4032,795,2,8.302265794873367,6.679599185844383,1.0986122886681098,7.095100461544146,0
xz-9QHe4KGc,cohort3,3493,145,3,3493,145,3,8.158802490694002,4.983606621708336,1.3862943611198906,6.528992917040891,0
gmDwY9pQY0Q,cohort3,1179,9,0,1335,10,0,7.197435354096591,2.3978952727983707,0.0,5.0378297942974655,0
UCjM3nxuVMM,cohort3,2356,61,2,5876,124,2,8.678801706612651,4.8283137373023015,1.0986122886681098,6.765636374025092,0
t1poaYGbWTw,cohort3,2142,58,2,8454,323,2,9.04251326133268,5.780743515792329,1.0986122886681098,7.269592240404117,0
ezTli7RpPqY,cohort3,14132,158,3,15328,165,3,9.637501738166108,5.111987788356544,1.3862943611198906,7.454726815518617,0
2lFRLhVD36U,cohort3,1094,26,2,1169,30,2,7.064759027791802,3.4339872044851463,1.0986122886681098,5.378912806887437,0
2nkDz8c6ghs,cohort3,15526,451,4,21939,494,4,9.99606673382922,6.20455776256869,1.6094379124341005,8.01995116031155,0
GIodLy2v0Gg,cohort3,14667,231,18,15236,263,21,9.631481959469356,5.575949103146316,3.091042453358316,7.76077815196134,0
3MROV7dmDro,cohort3,986,5,28,1000,5,30,6.90875477931522,1.791759469228055,3.4339872044851463,5.0261794288060635,0
XPyeNk4z3zM,cohort3,1197,27,1,1202,27,1,7.0925737159746784,3.332204510175204,0.6931471805599453,5.324520300693362,0
H73zNMTUSP8,cohort3,1738,3,0,1829,3,0,7.512071245835466,1.3862943611198906,0.0,4.9231310558372465,0
0K5uLUciFvg,cohort3,12287,610,6,13285,663,5,9.494466128225186,6.498282149476434,1.791759469228055,7.825340268700847,0
oiPURPJ2L8Q,cohort3,1719,28,2,1817,29,2,7.505492274737424,3.4011973816621555,1.0986122886681098,5.633515808207912,0
RdkoKXZlJSE,cohort3,2346,17,7,3419,33,8,8.13739583005665,3.5263605246161616,2.19722457733622,6.160068113152461,0
pjGAIeUFpyM,cohort3,1033,9,2,1560,13,3,7.353081920515432,2.6390573296152584,1.3862943611198906,5.342195787305826,0
dS04a5QmpHU,cohort3,1839,12,0,1851,12,0,7.524021415206125,2.5649493574615367,0.0,5.283897656362136,0
G7qLJx2bUwg,cohort3,749,9,1,849,12,1,6.745236349484363,2.5649493574615367,0.6931471805599453,4.885941334985073,0
OxsLu4Z4dYs,cohort3,1832,66,10,2984,218,11,8.001355025826703,5.389071729816501,2.4849066497880004,6.666025199419772,0
5cua3o5_Nto,cohort3,1721,48,1,3218,148,5,8.076826031298808,5.003946305945459,1.791759469228055,6.526455457485728,0
ZhOy452QEhc,cohort3,778,0,0,723,0,0,6.584791392385716,0.0,0.0,3.9508748354314296,0
oJ00_Ogk8mY,cohort3,609,14,0,617,14,2,6.42648845745769,2.70805020110221,1.0986122886681098,4.778169363672088,0
SxQVvPNVehQ,cohort3,502,9,0,501,9,0,6.218600119691729,2.302585092994046,0.0,4.421935599713251,0
XfW0ok-dGmY,cohort3,1514,26,0,1522,26,0,7.328437352895162,3.295836866004329,0.0,5.385813471538396,0
hUKo0Ly7Zig,cohort3,1154,8,1,1181,8,1,7.074963197966044,2.19722457733622,0.6931471805599453,4.9734600100364865,0
Ew3CvarawWs,cohort3,741,18,0,1055,27,2,6.962243464266207,3.332204510175204,1.0986122886681098,5.286868660479096,0
QMEFDCwqm0s,cohort3,5254,4,2,6845,4,2,8.831419819090131,1.6094379124341005,1.0986122886681098,5.89154449405112,0
1Hi9TY_eJII,cohort3,555,18,0,558,18,0,6.326149473155099,2.9444389791664403,0.0,4.679021377642991,0
8cs696P3BpU,cohort3,4441,410,7,11544,992,13,9.354007721788596,6.900730664045173,2.6390573296152584,7.946529565248234,0
SloMOQO7pDg,cohort3,1859,10,3,1886,11,3,7.54274354536855,2.4849066497880004,1.3862943611198906,5.409747558269519,0
SiG-Y1mmBLA,cohort3,1991,26,5,6526,100,7,8.783702698635217,4.61512051684126,2.079441541679836,6.862701928401491,0
tI5tBoWqCJA,cohort3,944,8,0,940,8,0,6.846943139585379,2.19722457733622,0.0,4.767333256952093,0
kKZu--8v9Ds,cohort3,1167,16,0,1459,18,0,7.286191714702382,2.9444389791664403,0.0,5.255046722571361,0
XnLHo4i1wkc,cohort3,821,14,0,1659,38,1,7.414572881350589,3.6635616461296463,0.6931471805599453,5.6171269407052415,0
TjlT20vAO7k,cohort3,687,0,7,6168,0,10,8.72729202920964,0.0,2.3978952727983707,5.4761647448056205,0
lhMfCZeTQrY,cohort3,1385,73,0,1954,118,0,7.578145472419466,4.77912349311153,0.0,5.980624331385139,0
OXjwdWH_pA8,cohort3,918,4,1,915,4,1,6.82001636467413,1.6094379124341005,0.6931471805599453,4.644155910590702,0
XPopb1yeA1Q,cohort3,1092,6,0,1116,6,0,7.018401799069201,1.9459101490553128,0.0,4.794814124158115,0
iXBMW4H7HwM,cohort3,580,26,1,583,26,1,6.369900982828227,3.295836866004329,0.6931471805599453,4.88000636755423,0
4ybERjlkXio,cohort3,15357,407,296,21059,558,386,9.955130785687968,6.326149473155099,5.958424693029782,8.46676578266229,1
XMCAWqA3svU,cohort3,1851,53,3,2839,81,5,7.951559331155252,4.406719247264253,1.791759469228055,6.272127319795232,0
Zu7DFEVVwDs,cohort3,6797,631,3,16872,979,7,9.733469990198335,6.887552571664617,2.079441541679836,8.114291919786371,1
BqDNAWGRIGg,cohort3,784,16,0,786,16,0,6.668228248417403,2.833213344056216,0.0,4.850900952267307,0
1Ocl4IeaBe4,cohort3,733,9,2,672,9,2,6.511745329644728,2.302585092994046,1.0986122886681098,4.707683954551862,0
wl4g30KZ9IY,cohort3,1338,22,1,7760,97,3,8.95686647085414,4.584967478670572,1.3862943611198906,6.888239562225644,0
a9ENeZxG3Mw,cohort3,959,9,0,956,9,0,6.863803391452954,2.302585092994046,0.0,4.809057562769986,0
W9OQZ7gyH2E,cohort3,790,13,4,861,20,4,6.759255270663693,3.044522437723423,1.6094379124341005,5.129853684958652,0
KOSkdUG-viY,cohort3,943,21,4,947,21,4,6.854354502255021,3.091042453358316,1.6094379124341005,5.200869228603917,0
ZYCoMHvmMaw,cohort3,739,11,0,748,12,0,6.618738983517219,2.5649493574615367,0.0,4.740728197348792,0
Xo1Xi0ykq1o,cohort3,748,17,1,745,19,1,6.61472560020376,2.995732273553991,0.6931471805599453,4.936869760244448,0
pTZLcOSGTrc,cohort3,2073,756,1,4937,2300,1,8.504715669905124,7.741099090035366,0.6931471805599453,7.494473847009679,0
QGBvAZRjs-g,cohort3,842,15,1,895,16,1,6.79794041297493,2.833213344056216,0.6931471805599453,4.998042969057818,0
ukZcDV__XWU,cohort3,72979,4731,72,148910,7986,96,11.91110409102742,8.985570498917388,4.574710978503383,10.299804702142007,1
9Iq-Ajbb5QA,cohort3,1082,7,0,1571,9,1,7.360103972989152,2.302585092994046,0.6931471805599453,5.176152629747699,0
N1BNFntSEus,cohort3,1649,22,3,1679,23,3,7.426549072397305,3.1780538303479458,1.3862943611198906,5.547975028654755,0
lc7G3tPZoZo,cohort3,825,30,2,885,32,2,6.786716950605081,3.49650756146648,1.0986122886681098,5.230843667669804,0
BYs0UUY7yL4,cohort3,1194,18,1,1264,20,2,7.142827401161621,3.044522437723423,1.0986122886681098,5.30891440088081,0
X3D4ooGVTgs,cohort3,4212,14,1,4337,15,1,8.37516869138682,2.772588722239781,0.6931471805599453,5.926192549560021,0
UbElea09niQ,cohort3,1341,25,3,1356,26,3,7.213031659834869,3.295836866004329,1.3862943611198906,5.455199491814209,0
a7vB4aVUTv0,cohort3,966,43,5,1026,45,5,6.934397209928558,3.828641396489095,1.791759469228055,5.488406691826669,0
lxxXtPsjGwc,cohort3,3208,136,4,4810,245,5,8.478660241699453,5.5053315359323625,1.791759469228055,6.917971552722186,0
5dirbmBGWsI,cohort3,13978,211,3,20184,287,3,9.912695033287042,5.662960480135946,1.3862943611198906,7.785134600124998,0
HOD7kbC0i-g,cohort3,3073,162,4,12857,461,16,9.461721464701633,6.135564891081739,2.833213344056216,7.801023680551122,0
lzCX0HaMcGk,cohort3,17087,404,30,17507,406,31,9.770413198310786,6.008813185442595,3.4657359027997265,8.011465464899223,0
jzJ33aJidxQ,cohort3,19178,203,3,21614,222,4,9.981142797101732,5.407171771460119,1.6094379124341005,7.771781000942485,0
QNv0Rqs3tf0,cohort3,3314,196,11,5643,298,11,8.638348312972704,5.700443573390687,2.4849066497880004,7.141632724779629,0
iurHOCgjbDQ,cohort3,1101,17,1,1172,21,1,7.067319848653476,3.091042453358316,0.6931471805599453,5.237019363255574,0
2fJvalZKwjk,cohort3,1111,20,11,1363,25,13,7.218176838403408,3.258096538021482,2.6390573296152584,5.572240797410015,0
NRkxlmdY2iw,cohort3,6849,13,1,7262,15,1,8.890548245606167,2.772588722239781,0.6931471805599453,6.23542028209163,0
Nox_lBickmI,cohort3,9139,13,1,9789,14,1,9.189116735524555,2.70805020110221,0.6931471805599453,6.39519981970139,0
vQtUO8cHDLk,cohort3,2298,0,7,2803,0,10,7.938802248154481,0.0,2.3978952727983707,5.003070876172525,0
FAEo58E9dD0,cohort3,1495,70,1,1649,79,1,7.408530566894626,4.382026634673881,0.6931471805599453,5.829041048594934,0
-I2IlBdbDe8,cohort3,930,28,0,4058,384,2,8.308691916838898,5.953243334287785,1.0986122886681098,6.881049379256486,0
FBZSv3aVRZ0,cohort3,797,32,0,807,32,0,6.694562058521095,3.49650756146648,0.0,5.0656895035526,0
3fIszJG6vHk,cohort3,636,19,1,670,20,1,6.508769136971682,3.044522437723423,0.6931471805599453,4.887932931556031,0
XOxAWB5tzEE,cohort3,66,0,0,89,1,0,4.499809670330265,0.6931471805599453,0.0,2.9078299563661427,0
QYBbqwTFZs4,cohort3,3702,10,0,3705,10,0,8.217708406845306,2.3978952727983707,0.0,5.649993625946695,0
ggNx1s-VMZg,cohort3,2257,0,0,16802,0,1,9.729312720877942,0.0,0.6931471805599453,5.90690235058276,0
d_Q02W4Zp0c,cohort3,9,0,1,10,0,1,2.3978952727983707,0.0,0.6931471805599453,1.5080518817350168,0
fKEwvsGsAjM,cohort3,674,12,2,691,12,2,6.539585955617669,2.5649493574615367,1.0986122886681098,4.8030976094758735,0
05itaSVjK8g,cohort3,1558,34,2,1563,35,2,7.355001921105257,3.58351893845611,1.0986122886681098,5.597918063066798,0
Ih9NnTsRGH0,cohort3,1186,25,0,1187,25,0,7.080026499922591,3.258096538021482,0.0,5.225444861359999,0
sws-sdRdgCs,cohort3,1158,9,5,1168,9,5,7.063903961472068,2.302585092994046,1.791759469228055,5.10829385170426,0
-VB0fBeorzs,cohort3,744,5,0,777,6,0,6.656726524178391,1.9459101490553128,0.0,4.577808959223629,0
4T0uUa9In94,cohort3,3,2,0,3,2,0,1.3862943611198906,1.0986122886681098,0.0,1.1613603032723674,0
1WFLyMPX4ks,cohort3,704,46,1,714,46,1,6.572282542694008,3.8501476017100575,0.6931471805599453,5.167728524185416,0
4Y5yuNy-GQA,cohort3,1139,24,4,1146,25,4,7.044905117129371,3.258096538021482,1.6094379124341005,5.365315822927477,0
80Vn8FwZf8Q,cohort3,3028,68,0,4207,83,0,8.344742754417545,4.430816798843313,0.0,6.336090692303521,0
u6a7zWC_XKI,cohort3,8,5,1,10,5,1,2.3978952727983707,1.791759469228055,0.6931471805599453,2.045579722503433,0
So5oVZ5gemg,cohort3,1828,13,2,1824,13,2,7.509335266016592,2.6390573296152584,1.0986122886681098,5.407179587361344,0
9ftjgrcSb3o,cohort3,1018,25,1,1019,25,1,6.927557906278317,3.258096538021482,0.6931471805599453,5.203278423229429,0
LzT7ciHpEKU,cohort3,534,7,13,557,7,14,6.324358962381311,2.079441541679836,2.70805020110221,4.689252860042958,0
mz80VLi1aD0,cohort3,38397,303,3,55407,705,5,10.922479266642204,6.559615237493242,1.791759469228055,8.700548078156102,1
rDpjl8r5xNY,cohort3,849,32,2,852,32,2,6.748759547491679,3.49650756146648,1.0986122886681098,5.208069225801762,0
e88hd3BvnoA,cohort3,564,18,1,587,23,1,6.376726947898627,3.1780538303479458,0.6931471805599453,4.848767035899554,0
p0-Q7n70aX0,cohort3,6058,102,3,28582,241,7,10.260567414484496,5.488937726156687,2.079441541679836,8.010965920705686,0
y8EGoWNOxg0,cohort3,773,6,0,931,7,0,6.837332814685591,2.079441541679836,0.0,4.726232151315306,0
zbakUHiTx3g,cohort3,632,30,1,842,46,2,6.736966958001855,3.8501476017100575,1.0986122886681098,5.307085684180942,0
Q8Usqrz3bo8,cohort3,2018,31,5,4083,47,5,8.314832179284556,3.871201010907891,1.791759469228055,6.3294355577659065,0
9TR_iXK1DPM,cohort3,5,1,0,5,1,0,1.791759469228055,0.6931471805599453,0.0,1.2829998357048165,0
vEU_RoFw5jc,cohort3,3862,437,1,4067,437,1,8.31090675716845,6.082218910376446,0.6931471805599453,6.880524445469998,0
LmRX5YJaPb0,cohort3,27,1,0,673,19,0,6.513230110912307,2.995732273553991,0.0,4.806657748613581,0
b76UmpNF578,cohort3,1129,1,0,1288,1,0,7.161622002939187,0.6931471805599453,0.0,4.504917355931496,0
-FW8oVEM3n4,cohort3,247,5,0,247,5,0,5.513428746164983,1.791759469228055,0.0,3.8455850884674065,0
pVV-GvyWCMo,cohort3,3882,7,0,5458,9,0,8.605020901781758,2.302585092994046,0.0,5.853788068967268,0
9zXjf4VtY00,cohort3,8,0,0,22,0,0,3.1354942159291497,0.0,0.0,1.8812965295574897,0
7dXRaCP7u08,cohort3,15,1,0,15,1,0,2.772588722239781,0.6931471805599453,0.0,1.8714973875118524,0
tUeyb-y9CuI,cohort3,98,16,0,119,16,0,4.787491742782046,2.833213344056216,0.0,3.7224590488860922,0
J6xtmdb2MHQ,cohort3,9641,54,0,20245,65,0,9.915712522158698,4.189654742026425,0.0,7.206323935903146,0
3CF6875jJkw,cohort3,9,4,0,9,4,0,2.302585092994046,1.6094379124341005,0.0,1.8643824295266576,0
sHT7MonOKpE,cohort3,2537,7,0,2572,8,0,7.852827812281744,2.19722457733622,0.0,5.370864060569912,0
0N3PdupXcgo,cohort3,1360,11,0,1362,11,0,7.217443431696533,2.4849066497880004,0.0,5.07593805395432,0
MQYYCp4o5DM,cohort3,296,2,0,305,2,0,5.723585101952381,1.0986122886681098,0.0,3.7637347477718612,0
eYeM1a31aRo,cohort3,1150,27,0,1155,28,0,7.052721049232323,3.367295829986474,0.0,5.241821378535335,0
unUvB7ZjmEE,cohort3,52630,189,2,127930,377,2,11.759246335055328,5.934894195619588,1.0986122886681098,8.945877288585883,1
6v_aN7iLslc,cohort3,5110,8,0,5695,8,0,8.647519453091812,2.19722457733622,0.0,5.847679045055953,0
Ckn0m3h02uE,cohort3,190,0,0,212,0,0,5.3612921657094255,0.0,0.0,3.216775299425655,0
rCSWnikqLSE,cohort3,790,29,0,822,30,0,6.71295620067707,3.4339872044851463,0.0,5.057969881751786,0
MeoQm5Eg53U,cohort3,994,1,0,991,1,0,6.899723107284872,0.6931471805599453,0.0,4.347778018538907,0
nMyD68QKXSU,cohort3,1300,6,0,1965,9,0,7.583756300707112,2.302585092994046,0.0,5.241029308322481,0
99B9FvP8fD0,cohort3,899,19,2,942,22,2,6.849066282633458,3.1354942159291497,1.0986122886681098,5.159949263225631,0
td6Sb_GTN8k,cohort3,736,4,0,746,4,0,6.616065185132817,1.6094379124341005,0.0,4.45247048480992,0
mcRyKH1luMc,cohort3,971,18,6,1128,20,7,7.029087564149662,3.044522437723423,2.079441541679836,5.338753423974807,0
2hxeSuAYUhU,cohort3,1161,70,9,1278,93,15,7.153833801578843,4.543294782270004,2.772588722239781,5.932547587852285,0
n0z6UTbOL34,cohort3,2,1,1,2,1,1,1.0986122886681098,0.6931471805599453,0.6931471805599453,0.936426245424844,0
hcghNrm4hTQ,cohort3,1023,12,0,1511,35,2,7.321188556739478,3.58351893845611,1.0986122886681098,5.577630044447331,0
CsC94oRg_4U,cohort3,1138,28,0,1135,28,0,7.035268599281097,3.367295829986474,0.0,5.2313499085646,0
PumKfEnp8Dw,cohort3,3797,44,0,13991,130,0,9.546241016698438,4.875197323201151,0.0,7.190303806979409,0
C5Tr8AD718I,cohort3,7505,67,0,11454,117,0,9.346181594887597,4.770684624465665,0.0,7.038914344272257,0
dh0lh_XS4YE,cohort3,693,17,0,694,17,0,6.543911845564792,2.8903717578961645,0.0,4.793458634707724,0
l9CYwpt3Hj8,cohort3,230,4,3,232,4,3,5.4510384535657,1.6094379124341005,1.3862943611198906,3.8920838819816392,0
UrYd6pv_5YU,cohort4,254398,6743,65,283292,6894,66,12.554236976724072,8.838551790227402,4.204692619390966,10.60457698504176,1
p9hzj2obBGM,cohort4,133175,1281,299,257878,2238,545,12.46024576164443,7.713784616598755,6.302618975744905,10.420544739540775,1
N2oatSnOry0,cohort4,116544,1807,6,173781,2741,9,12.065556919131206,7.91644286012226,2.302585092994046,9.844525518814807,1
69JJjFDEWYw,cohort4,83907,669,2,103540,851,2,11.5477229485124,6.747586526829315,1.0986122886681098,9.062770956023044,1
chlx1pZseTs,cohort4,104034,2643,18,216517,4124,23,12.285428963846268,8.324821298768782,3.1780538303479458,10.18650915097319,1
ImGnYf_QxSg,cohort4,117939,2629,2,273915,4844,3,12.520576769025157,8.485702524324866,1.3862943611198906,10.196686254824542,1
tZz0NH8DD40,cohort4,69390,543,0,138473,1084,0,11.8384378613551,6.98933526597456,0.0,9.199863296605429,1
NPiiQAy32Dg,cohort4,106191,3691,53,157700,4748,72,11.968456114085114,8.465689348549121,4.290459441148391,10.149826417130644,1
nMHsbiPCYwY,cohort4,267528,13155,133,346732,14731,141,12.756310310298952,9.597777277564957,4.955827057601261,11.028702075208985,1
_y3WWm9pGrg,cohort4,63703,5855,22,85542,7935,27,11.356774452477582,8.979164648964709,3.332204510175204,9.841034517193483,1
cH8KWOZ5C78,cohort4,68654,895,9,162623,1870,16,11.999196066679836,7.534228326274089,2.833213344056216,9.743107472295751,1
S-yGyPIaqCg,cohort4,188402,3508,63,250452,5180,93,12.431026557152832,8.552753366814787,4.543294782270004,10.478771422563135,1
ZKVhR0bmOHI,cohort4,63253,1047,5,75611,1179,7,11.233370279730057,7.07326971745971,2.079441541679836,9.06994723724393,1
tNLBn5c338U,cohort4,225233,6734,55,273109,7137,59,12.517629923415372,8.873187904050106,4.0943445622221,10.581968781486465,1
ovLhD4kAFpM,cohort4,66222,1402,41,82021,1685,48,11.314742782945272,7.430114138561801,3.8918202981106265,9.407061941146765,1
_k-Gjv1bUmM,cohort4,63327,1972,53,70618,2316,57,11.165054509087586,7.748028524432376,4.060443010546419,9.429485563836906,1
3fZF_dlmebs,cohort4,60106,610,16,98423,871,19,11.497039955740004,6.77078942390898,2.995732273553991,9.229034027972094,1
vHbJ1pF4JqM,cohort4,30846,824,0,51171,1284,0,10.842947786436923,7.158513997329321,0.0,8.65332287106095,1
QYxPWJoDbFA,cohort4,29345,1012,6,50698,1274,6,10.83366146551888,7.150701457592526,1.9459101490553128,8.839998331494618,1
IpGaVpNzIDI,cohort4,25319,457,5,32953,566,5,10.402867928617376,6.340359303727752,1.791759469228055,8.323004495211556,1
1GS-2DzPA_o,cohort4,48209,514,2,52257,535,2,10.863948268154758,6.284134161070802,1.0986122886681098,8.513470438080907,1
AQCVQJf1O5M,cohort4,24933,619,6,67793,1032,11,11.1242289744373,6.940222469119639,2.4849066497880004,9.00509479037707,1
wdmj27ME8DI,cohort4,23485,92,0,27137,108,0,10.208690238705898,4.691347882229144,0.0,7.532618507892282,0
htzTFE09hmI,cohort4,34805,96,1,39931,101,1,10.594933286456316,4.624972813284271,0.6931471805599453,7.813766533915065,0
Ee-hdzO5A7c,cohort4,14589,553,79,19819,578,82,9.89444680788398,6.361302477572996,4.418840607796598,8.286942888781947,1
uRnKJ7nkqqw,cohort4,31888,76,0,35784,83,0,10.485284090172698,4.430816798843313,0.0,7.620415493756613,0
qXoyhvbbfEw,cohort4,162086,4311,44,186431,4540,49,12.135821840319108,8.420902531097951,3.912023005428146,10.198966164063666,1
Y7Wuh6oT3k0,cohort4,17108,162,2,18015,183,2,9.799015530939418,5.214935757608986,1.0986122886681098,7.553751274713157,0
6Up48gnrc7s,cohort4,17806,653,8,42040,1719,24,10.646400611577633,7.450079569807499,3.218875824868201,8.944751820375648,1
f03Sw9ZuVNs,cohort4,15429,1345,22,17091,1726,22,9.746365796763916,7.454141078146678,3.1354942159291497,8.397611223095268,1
dVrWT8aPDcU,cohort4,17107,123,2,17682,139,2,9.780359005054978,4.941642422609304,1.0986122886681098,7.460569358682589,0
uiVPUfp7-Fo,cohort4,13660,154,2,14809,173,2,9.603057907261844,5.159055299214529,1.0986122886681098,7.419412562988276,0
2xqaR-_97Ng,cohort4,45758,2383,22,52702,2431,22,10.872427658905435,7.796469243086058,3.1354942159291497,9.175946789861994,1
S0GmlfRTYRI,cohort4,25384,126,1,25951,124,1,10.16400395691514,4.8283137373023015,0.6931471805599453,7.616211213395769,0
EyMmuu_r58w,cohort4,20159,167,82,41145,174,104,10.624881996034176,5.1647859739235145,4.653960350157523,8.389761024813312,1
7bt5SUv2KQo,cohort4,107594,2924,34,221578,5182,44,12.308534464021786,8.553139318189707,3.80666248977032,10.331728722847016,1
oj0zTYwoELs,cohort4,15365,604,3,17880,707,3,9.791493975575204,6.56244409369372,1.3862943611198906,7.982259049565227,0
AkBKyOTwJyU,cohort4,11202,99,1,31148,192,1,10.346537420971565,5.262690188904886,0.6931471805599453,7.8560442273104,0
Ygbnj93LVDo,cohort4,50669,1441,14,68752,1836,20,11.138275650940416,7.515889085215125,3.044522437723423,9.24218435990113,1
1kXe4Qp74u4,cohort4,9931,398,23,10855,437,24,9.292473201514705,6.082218910376446,3.218875824868201,7.722037176508576,0
h89_g4MfLs0,cohort4,16198,74,0,21154,80,0,9.959631563154169,4.394449154672439,0.0,7.294113684294232,0
lgUWfH3fVvY,cohort4,10364,367,0,15302,463,0,9.635804166591036,6.139884552226255,0.0,7.623447865622498,0
DKZQXIcWDsA,cohort4,22080,123,2,28746,132,2,10.266288692954795,4.890349128221754,1.0986122886681098,7.736739183106215,0
L1j8rXi-uXQ,cohort4,9866,302,0,17383,523,0,9.763305521936266,6.261491684321042,0.0,7.736430818458072,0
N7c3v_9k0iU,cohort4,15711,1929,158,18491,2093,166,9.825093485108116,7.646831391430482,5.117993812416755,8.70090488973569,1
9bMUysDSQOU,cohort4,10294,297,3,36785,638,13,10.512872616990744,6.459904454377535,2.6390573296152584,8.509600639469232,1
cK2F4OSUZ7E,cohort4,12361,167,1,24051,312,1,10.08797343215946,5.746203190540153,0.6931471805599453,7.845959734513716,0
kTyi2UVkN8Y,cohort4,12736,954,14,13105,960,15,9.480825419599444,6.8679744089702925,2.772588722239781,8.026146446674732,1
h6KxXMwtbBs,cohort4,38691,686,16,62553,805,18,11.043785462691345,6.692083742506628,2.9444389791664403,8.928340298283437,1
Q3Yl0jv6e6g,cohort4,12842,83,1,13073,87,1,9.478380804172676,4.477336814478207,0.6931471805599453,7.099544244903062,0
yKrBMTONhjE,cohort4,8921,37,0,9368,41,0,9.145161645951188,3.737669618283368,0.0,6.608397873055723,0
Ns7KNx75Li4,cohort4,7509,94,3,8203,94,3,9.012377119192273,4.553876891600541,1.3862943611198906,6.912218775107514,0
F0XfdXtH4IY,cohort4,7311,75,3,11924,97,3,9.386392315756542,4.584967478670572,1.3862943611198906,7.145955069167085,0
HOet-EVGZyE,cohort4,7177,78,0,7372,78,0,8.90557995798965,4.3694478524670215,0.0,6.654182330533896,0
_G4Ahj_63cI,cohort4,5574,84,1,10928,128,1,9.299175085676673,4.859812404361672,0.6931471805599453,7.1067634907705,0
sqT1kTR8Vy4,cohort4,7698,0,0,13377,0,0,9.501366845678351,0.0,0.0,5.700820107407011,0
r18iCQb7f-0,cohort4,7718,30,1,22195,67,2,10.007667371445793,4.219507705176107,1.0986122886681098,7.380313963287119,0
J_H1M5D9Ttk,cohort4,19276,134,0,48003,158,0,10.779039619751332,5.068904202220232,0.0,7.988095032516869,0
xuAebPh69TA,cohort4,4353,215,3,5047,234,3,8.52674740422105,5.459585514144159,1.3862943611198906,6.892553532887866,0
q22sAjmjDdg,cohort4,5415,99,0,12184,144,0,9.407960966059306,4.976733742420574,0.0,7.137796702361755,0
nGZn1zu6BcQ,cohort4,11438,33,1,12177,34,1,9.40738632416852,3.555348061489413,0.6931471805599453,6.78035093100393,0
Lvfy8HffaPE,cohort4,5757,43,1,6074,45,1,8.711937268208748,3.828641396489095,0.6931471805599453,6.445069497927972,0
Z1dl02RTOSs,cohort4,5043,46,3,6367,48,3,8.75904072752422,3.8918202981106265,1.3862943611198906,6.5615999620597085,0
tZcsmI8WgM8,cohort4,3684,95,3,15113,169,8,9.623376745580666,5.135798437050262,2.19722457733622,7.534488036197099,0
Dvp0Z8mzUPI,cohort4,4811,40,0,6022,46,0,8.70334075304372,3.8501476017100575,0.0,6.37704873233925,0
1h7PqKhfEY4,cohort4,35653,119,1,36082,122,1,10.493577119278669,4.812184355372417,0.6931471805599453,7.8091162962349205,0
DOYdoe-d6D4,cohort4,5286,109,0,5576,111,0,8.626406276389554,4.718498871295094,0.0,6.59139342722226,0
42ID-3H76Qs,cohort4,4786,0,12,6259,0,13,8.741935464094144,0.0,2.6390573296152584,5.509067011418012,0
hLHu3Dlzqlg,cohort4,11052,86,5,27580,223,7,10.224882408848067,5.41164605185504,2.079441541679836,7.966367415033336,0
hBrzCguxS78,cohort4,15377,1076,32,19338,1244,35,9.8698790613623,7.126890808898808,3.58351893845611,8.418346573332634,1
bLmQxE1N1G4,cohort4,10095,26,0,12534,26,0,9.436280010592396,3.295836866004329,0.0,6.650519066156736,0
8tf-ELM7u8A,cohort4,5745,41,0,26589,131,1,10.188290484237063,4.882801922586371,0.6931471805599453,7.6471295853741434,0
6R0_Pf1CSNg,cohort4,2160,20,0,2206,20,0,7.699389406256737,3.044522437723423,0.0,5.532990375071068,0
o40xpKHaUp4,cohort4,4777,29,0,7042,44,0,8.85978949474541,3.80666248977032,0.0,6.457872443778341,0
2TunLRpCfuM,cohort4,10149,141,1,18159,177,1,9.806976652155283,5.181783550292085,0.6931471805599453,7.50803577443679,0
kpc5hLZI62U,cohort4,6253,32,4,6266,32,4,8.743053050224676,3.49650756146648,1.6094379124341005,6.455727889818159,0
GJgBcyhnHXQ,cohort4,3089,11,0,3129,11,0,8.048788283534199,2.4849066497880004,0.0,5.57474496505692,0
PxtSHS6czlk,cohort4,10587,54,0,12778,62,0,9.455558477608704,4.143134726391533,0.0,6.916275504482682,0
6RK0RVKVOk4,cohort4,1625,21,0,1733,22,1,7.458186157340487,3.1354942159291497,0.6931471805599453,5.4848746772390315,0
qFU3sHutR04,cohort4,3494,11,5,3883,11,6,8.264620829411216,2.4849066497880004,1.9459101490553128,5.898835507488661,0
S8Roopi_OhA,cohort4,2889,121,0,5670,132,0,8.643120748014027,4.890349128221754,0.0,6.652977187274942,0
8X541NTog5U,cohort4,3363,225,14,5098,291,19,8.536799721055155,5.676753802268282,2.995732273553991,7.124679200668977,0
42Zi1dhQwQk,cohort4,20917,163,5,25209,169,5,10.134996020181966,5.135798437050262,1.791759469228055,7.800913090147064,0
cVMQ6Bsf9Es,cohort4,2209,27,1,2260,28,1,7.72356247227797,3.367295829986474,0.6931471805599453,5.713640950418719,0
KAUemCCmol4,cohort4,1581,0,0,1699,0,0,7.438383530044307,0.0,0.0,4.463030118026584,0
_xWH3HjSIh8,cohort4,4830,20,0,5841,22,0,8.672828482947686,3.1354942159291497,0.0,6.144345354547356,0
YoFUDGnETWA,cohort4,4481,16,1,4958,16,1,8.508959386489133,2.833213344056216,0.6931471805599453,6.024654353166339,0
hT_HLLHc-Xc,cohort4,5094,201,1,28423,326,4,10.254989137700862,5.7899601708972535,1.6094379124341005,8.050925325133104,1
ORiSbIVFYY8,cohort4,1637,28,3,1908,30,3,7.554334823725748,3.4339872044851463,1.3862943611198906,5.701426491692982,0
inr0n-hW9EA,cohort4,2516,23,7,2829,23,7,7.948031990637284,3.1780538303479458,2.079441541679836,5.930179497654738,0
410dOmcCloY,cohort4,3031,33,2,3277,33,2,8.094988759303774,3.5263605246161616,1.0986122886681098,6.024762641833925,0
h5_ykvDFJS4,cohort4,2301,17,0,2324,17,0,7.751475318021456,2.8903717578961645,0.0,5.517996718181723,0
kRDIOTcT9wc,cohort4,3114,16,1,3131,16,1,8.049427057110695,2.833213344056216,0.6931471805599453,5.748934955539276,0
2KCiwmTdh8I,cohort4,1423,18,1,1451,22,1,7.280697195384741,3.1354942159291497,0.6931471805599453,5.378381300065584,0
Vh0bmBTUAbs,cohort4,1176,34,10,1177,34,10,7.071573364211532,3.555348061489413,2.3978952727983707,5.54933796425358,0
zqZLz28laY8,cohort4,1404,14,0,3247,14,0,8.085794701281568,2.70805020110221,0.0,5.6638918810996035,0
kJB3N_lSbWs,cohort4,2989,9,9,3000,9,9,8.006700845440367,2.302585092994046,2.302585092994046,5.725054544461838,0
8EhSink33R0,cohort4,2164,4,1,2168,4,1,7.682021510826875,1.6094379124341005,0.6931471805599453,5.161358998282349,0
jUii5ri95Iw,cohort4,1942,125,0,14819,792,7,9.603732898850078,6.675823221634848,2.079441541679836,7.972930859968484,0
Zfu9nZMZPSs,cohort4,1386,17,0,1386,17,0,7.234898420314831,2.8903717578961645,0.0,5.208050579557748,0
PGORv53zTKE,cohort4,2702,14,0,2715,16,0,7.906915488678587,2.833213344056216,0.0,5.594113296424017,0
xkVHIgwfaFo,cohort4,4459,245,1,8658,335,2,9.0663545214478,5.817111159963204,1.0986122886681098,7.294807289724452,0
Ro00n1VRfFU,cohort4,1505,0,0,4075,0,0,8.312871394342615,0.0,0.0,4.987722836605569,0
A8DuCioSWuk,cohort4,1517,10,3,1536,10,3,7.337587743538596,2.3978952727983707,1.3862943611198906,5.260550664074658,0
ZZcJSUF1vqw,cohort4,1552,9,0,1932,11,0,7.566828479208331,2.4849066497880004,0.0,5.285569082461398,0
VpoQLcoO7_0,cohort4,2446,17,0,2878,18,0,7.965198290612176,2.9444389791664403,0.0,5.662450668117238,0
YBGjrwlYV4E,cohort4,1122,30,0,1141,30,0,7.040536390215956,3.4339872044851463,0.0,5.254517995475117,0
oarOsA_inAA,cohort4,6493,38,3,7521,37,3,8.925587339030281,3.6375861597263857,1.3862943611198906,6.585257687448074,0
rn-dQAQpZy8,cohort4,1288,23,4,1292,23,4,7.164720378771857,3.1780538303479458,1.6094379124341005,5.413192167610908,0
IkQXKW7AzsI,cohort4,5390,153,7,7465,328,8,8.91811465947453,5.796057750765372,2.19722457733622,7.30940857864795,0
yh6HDn5vlIU,cohort4,1230,7,2,1246,7,2,7.1284959456800365,2.079441541679836,1.0986122886681098,5.0107912587787835,0
DGmE11lk1vI,cohort4,1471,20,1,1473,21,1,7.295735072749282,3.091042453358316,0.6931471805599453,5.374068497713058,0
A4amIw7c9gU,cohort4,2058,50,0,3383,97,2,8.126813720726114,4.584967478670572,1.0986122886681098,6.361439704903651,0
ERQcs3L0qLM,cohort4,16546,168,2,25902,205,3,10.162114071095669,5.327876168789581,1.3862943611198906,7.834260729406265,0
-ei_UvxIWOw,cohort4,883,0,1,914,0,1,6.818924065275521,0.0,0.6931471805599453,4.160669157221307,0
t83EdNpId3c,cohort4,2266,6,1,2276,6,1,7.7306140660637395,1.9459101490553128,0.6931471805599453,5.291456202410832,0
WYXMqRIAg6o,cohort4,1856,23,0,1887,24,0,7.543273346705446,3.218875824868201,0.0,5.491626755483727,0
Q0RkrW8PY8w,cohort4,14824,203,3,27778,204,3,10.232035618540191,5.3230099791384085,1.3862943611198906,7.874753800977626,0
zrTkNm29Ooc,cohort4,3248,205,1,5694,260,1,8.647343875881283,5.564520407322694,0.6931471805599453,6.927077165781572,0
YSDWIAGDrQ8,cohort4,21750,197,33,21977,201,35,9.997797232006867,5.308267697401205,3.58351893845611,7.949510542270092,0
yj0uXtOppuY,cohort4,19123,177,7,34847,179,7,10.458751025732688,5.19295685089021,2.079441541679836,8.04108182487466,1
uJlVt8ZkvLE,cohort4,5750,178,0,7034,170,0,8.858652969548489,5.14166355650266,0.0,6.8576908486798915,0
X8mEVei2SB8,cohort4,964,52,2,994,54,2,6.902742737158593,4.007333185232471,1.0986122886681098,5.453706826731708,0
8auD3OywEYA,cohort4,1690,12,0,2099,16,0,7.649692623711514,2.833213344056216,0.0,5.439779577443773,0
gdYc1dSUQFI,cohort4,1201,7,1,1217,7,1,7.1049654482698426,2.079441541679836,0.6931471805599453,4.956126449521851,0
gOxD_RcluZs,cohort4,2761,14,0,2774,14,0,7.928406026180535,2.70805020110221,0.0,5.569458676038984,0
yfDmzdY0FNg,cohort4,3920,221,41,18010,953,132,9.798737961337055,6.860663671448287,4.890349128221754,8.426476791058894,1
0PFZgsgxjxI,cohort4,1976,0,0,2108,0,0,7.653969180478774,0.0,0.0,4.592381508287264,0
wzP5a0F1hYA,cohort4,872,45,1,986,57,1,6.894670039433482,4.060443010546419,0.6931471805599453,5.4242496448800095,0
qp6ax4aSY94,cohort4,1038,19,0,1054,19,0,6.961296045910167,2.995732273553991,0.0,5.075497309612297,0
k_tSv8Rb4mE,cohort4,884,34,2,890,34,2,6.792344427470809,3.555348061489413,1.0986122886681098,5.25187230379612,0
RfJsU-8U3Ns,cohort4,1447,16,1,1463,16,3,7.288927694521257,2.833213344056216,1.3862943611198906,5.361950056041608,0
