video_id,views,likes,comments,tracked_at
7oBKFVItzsU,647256,0,2,2026-04-22 12:09:55.378129
ppFBhivpaGE,290941,848,0,2026-04-22 12:09:55.378147
VrBgkDnksDI,269015,1427,1,2026-04-22 12:09:55.378153
Ef-7oED0mq4,113250,7688,232,2026-04-22 12:09:55.378157
7EmZyk8MLNQ,229816,0,2,2026-04-22 12:09:55.378161
_Dtsn9DzIbs,209431,1692,0,2026-04-22 12:09:55.378165
G-pTfMOY9QE,90919,3396,241,2026-04-22 12:09:55.378169
4XAK7-VZX6Q,316380,0,4,2026-04-22 12:09:55.378172
rvMbdIJnM1I,190938,0,2,2026-04-22 12:09:55.378176
LMSKC7drnMA,97181,0,1,2026-04-22 12:09:55.378179
71-KRdBGlsI,61600,5719,20,2026-04-22 12:09:55.378182
gIZoO48ePNs,129854,692,1,2026-04-22 12:09:55.378186
9Z6s2IeafHM,61037,351,1,2026-04-22 12:09:55.378189
Z4ufGu70hYk,44541,0,0,2026-04-22 12:09:55.378192
Q3ggtN1Y-OM,199903,621,1,2026-04-22 12:09:55.378195
aJWuMnhx294,99653,612,2,2026-04-22 12:09:55.378198
GH0WPFOB4Jg,152920,1153,1,2026-04-22 12:09:55.378202
-dUURnwXGpQ,31569,1221,41,2026-04-22 12:09:55.378205
4zsaw5a2LlE,326494,0,0,2026-04-22 12:09:55.378209
8RsnBgq3ClM,35891,316,2,2026-04-22 12:09:55.378212
7CdV10Ezbec,75454,962,3,2026-04-22 12:09:55.378216
vyqf_fSfM14,167556,2692,8,2026-04-22 12:09:55.378219
CrPcSO3Ksqc,36953,0,0,2026-04-22 12:09:55.378222
kCTZ0o7MS3M,30849,0,2,2026-04-22 12:09:55.378225
c8ksB0mVzPU,425525,21249,363,2026-04-22 12:09:55.378228
y5-pCtvyeU0,37298,0,0,2026-04-22 12:09:55.378231
kxOtnzuYHo0,36206,155,0,2026-04-22 12:09:55.378235
ODYlII65Ezg,34924,213,1,2026-04-22 12:09:55.378238
tI67adV3pXY,32097,287,0,2026-04-22 12:09:55.378241
JbiHS32r48w,108007,0,1,2026-04-22 12:09:55.378244
qCPUL-n2zEM,27046,0,1,2026-04-22 12:09:55.378247
GB92jfG0Aww,22917,581,28,2026-04-22 12:09:55.378250
Bl66lNBD-U4,20548,335,1,2026-04-22 12:09:55.378253
MKvmhS2WElo,25919,0,2,2026-04-22 12:09:55.378256
jaIQWlDTLUY,125988,2415,3,2026-04-22 12:09:55.378260
iVnxwkHDD3Q,22458,566,28,2026-04-22 12:09:55.378263
n22uDbchZYs,36324,152,0,2026-04-22 12:09:55.378266
LEIgQtVwJGk,28153,640,4,2026-04-22 12:09:55.378269
6vaEALEbKmo,33497,164,1,2026-04-22 12:09:55.378272
fAwjFITVLzs,36013,0,1,2026-04-22 12:09:55.378275
hB6WnL80HNI,19521,772,11,2026-04-22 12:09:55.378278
2A4C6Dpiod4,52880,199,1,2026-04-22 12:09:55.378282
ncSecGdH7rg,39050,941,5,2026-04-22 12:09:55.378285
dVXQazWGqVQ,33419,193,0,2026-04-22 12:09:55.378288
DF9WGou4ffA,23272,0,1,2026-04-22 12:09:55.378291
GElOK8JXlXI,30508,504,6,2026-04-22 12:09:55.378294
-tccKyTazdw,23296,125,0,2026-04-22 12:09:55.378297
GVir39PsE6g,22550,79,1,2026-04-22 12:09:55.378301
jPyMJ5W-AOE,33019,0,3,2026-04-22 12:09:55.378304
9PjbZzKVdZw,28138,179,0,2026-04-22 12:09:55.378307
7oBKFVItzsU,653398,0,2,2026-04-22 14:12:10.884113
ppFBhivpaGE,412714,1031,0,2026-04-22 14:12:10.884124
VrBgkDnksDI,296640,1519,1,2026-04-22 14:12:10.884128
Ef-7oED0mq4,130620,8353,254,2026-04-22 14:12:10.884130
7EmZyk8MLNQ,252356,0,2,2026-04-22 14:12:10.884132
_Dtsn9DzIbs,222857,1733,0,2026-04-22 14:12:10.884134
G-pTfMOY9QE,197157,5036,345,2026-04-22 14:12:10.884136
4XAK7-VZX6Q,367392,0,4,2026-04-22 14:12:10.884137
rvMbdIJnM1I,200393,0,2,2026-04-22 14:12:10.884139
LMSKC7drnMA,103679,0,1,2026-04-22 14:12:10.884141
71-KRdBGlsI,249217,8354,29,2026-04-22 14:12:10.884142
gIZoO48ePNs,168534,803,1,2026-04-22 14:12:10.884144
9Z6s2IeafHM,64500,368,1,2026-04-22 14:12:10.884146
Z4ufGu70hYk,48500,0,1,2026-04-22 14:12:10.884147
Q3ggtN1Y-OM,211039,662,1,2026-04-22 14:12:10.884149
aJWuMnhx294,107170,654,2,2026-04-22 14:12:10.884151
GH0WPFOB4Jg,169173,1265,1,2026-04-22 14:12:10.884152
-dUURnwXGpQ,39162,1373,43,2026-04-22 14:12:10.884154
4zsaw5a2LlE,349873,0,0,2026-04-22 14:12:10.884156
8RsnBgq3ClM,36286,319,2,2026-04-22 14:12:10.884158
7CdV10Ezbec,92964,1222,3,2026-04-22 14:12:10.884160
vyqf_fSfM14,209035,2978,9,2026-04-22 14:12:10.884161
CrPcSO3Ksqc,39350,0,0,2026-04-22 14:12:10.884163
kCTZ0o7MS3M,31628,0,2,2026-04-22 14:12:10.884164
c8ksB0mVzPU,530510,23829,386,2026-04-22 14:12:10.884166
y5-pCtvyeU0,41016,0,1,2026-04-22 14:12:10.884168
kxOtnzuYHo0,37032,166,0,2026-04-22 14:12:10.884169
ODYlII65Ezg,36675,213,1,2026-04-22 14:12:10.884171
tI67adV3pXY,32263,290,0,2026-04-22 14:12:10.884173
JbiHS32r48w,118108,0,1,2026-04-22 14:12:10.884174
qCPUL-n2zEM,28675,0,1,2026-04-22 14:12:10.884176
GB92jfG0Aww,30801,647,39,2026-04-22 14:12:10.884177
Bl66lNBD-U4,24818,357,1,2026-04-22 14:12:10.884179
MKvmhS2WElo,26804,0,2,2026-04-22 14:12:10.884181
jaIQWlDTLUY,153450,2720,3,2026-04-22 14:12:10.884183
iVnxwkHDD3Q,28147,640,28,2026-04-22 14:12:10.884184
n22uDbchZYs,37034,153,0,2026-04-22 14:12:10.884186
LEIgQtVwJGk,31009,654,4,2026-04-22 14:12:10.884187
6vaEALEbKmo,34062,167,1,2026-04-22 14:12:10.884189
fAwjFITVLzs,44096,0,1,2026-04-22 14:12:10.884190
hB6WnL80HNI,20115,776,11,2026-04-22 14:12:10.884192
2A4C6Dpiod4,54019,208,1,2026-04-22 14:12:10.884194
ncSecGdH7rg,46189,1095,7,2026-04-22 14:12:10.884195
dVXQazWGqVQ,45927,380,2,2026-04-22 14:12:10.884197
DF9WGou4ffA,30229,0,1,2026-04-22 14:12:10.884198
GElOK8JXlXI,33769,569,7,2026-04-22 14:12:10.884200
-tccKyTazdw,23488,128,0,2026-04-22 14:12:10.884201
GVir39PsE6g,30608,72,1,2026-04-22 14:12:10.884203
jPyMJ5W-AOE,37660,0,3,2026-04-22 14:12:10.884205
9PjbZzKVdZw,29524,184,0,2026-04-22 14:12:10.884206
7oBKFVItzsU,657212,0,2,2026-04-22 16:26:39.465700
ppFBhivpaGE,493192,1287,0,2026-04-22 16:26:39.465726
VrBgkDnksDI,324689,1615,1,2026-04-22 16:26:39.465731
Ef-7oED0mq4,144148,8793,271,2026-04-22 16:26:39.465736
7EmZyk8MLNQ,273066,0,2,2026-04-22 16:26:39.465740
_Dtsn9DzIbs,228434,1796,0,2026-04-22 16:26:39.465744
G-pTfMOY9QE,301055,6669,417,2026-04-22 16:26:39.465747
4XAK7-VZX6Q,426007,0,4,2026-04-22 16:26:39.465750
rvMbdIJnM1I,212435,0,2,2026-04-22 16:26:39.465753
LMSKC7drnMA,107643,0,1,2026-04-22 16:26:39.465757
71-KRdBGlsI,406906,11978,42,2026-04-22 16:26:39.465760
gIZoO48ePNs,197104,1018,1,2026-04-22 16:26:39.465763
9Z6s2IeafHM,67481,390,1,2026-04-22 16:26:39.465766
Z4ufGu70hYk,52975,0,1,2026-04-22 16:26:39.465769
Q3ggtN1Y-OM,223287,706,1,2026-04-22 16:26:39.465773
aJWuMnhx294,118607,706,2,2026-04-22 16:26:39.465776
GH0WPFOB4Jg,187349,1494,1,2026-04-22 16:26:39.465779
-dUURnwXGpQ,44591,1701,60,2026-04-22 16:26:39.465782
4zsaw5a2LlE,384435,0,0,2026-04-22 16:26:39.465786
8RsnBgq3ClM,36635,326,2,2026-04-22 16:26:39.465789
7CdV10Ezbec,127865,1647,10,2026-04-22 16:26:39.465792
vyqf_fSfM14,239374,3441,10,2026-04-22 16:26:39.465795
CrPcSO3Ksqc,41406,0,0,2026-04-22 16:26:39.465798
kCTZ0o7MS3M,32132,0,2,2026-04-22 16:26:39.465801
c8ksB0mVzPU,626968,26375,413,2026-04-22 16:26:39.465804
y5-pCtvyeU0,48354,0,1,2026-04-22 16:26:39.465807
kxOtnzuYHo0,41537,175,0,2026-04-22 16:26:39.465811
ODYlII65Ezg,37199,215,1,2026-04-22 16:26:39.465814
tI67adV3pXY,32485,297,0,2026-04-22 16:26:39.465817
JbiHS32r48w,130276,0,1,2026-04-22 16:26:39.465820
qCPUL-n2zEM,32755,0,1,2026-04-22 16:26:39.465823
GB92jfG0Aww,37668,782,41,2026-04-22 16:26:39.465827
Bl66lNBD-U4,26554,385,1,2026-04-22 16:26:39.465830
MKvmhS2WElo,27593,0,2,2026-04-22 16:26:39.465833
jaIQWlDTLUY,174812,3099,6,2026-04-22 16:26:39.465836
iVnxwkHDD3Q,31582,656,28,2026-04-22 16:26:39.465839
n22uDbchZYs,38039,159,0,2026-04-22 16:26:39.465842
LEIgQtVwJGk,32336,678,4,2026-04-22 16:26:39.465845
6vaEALEbKmo,34488,168,1,2026-04-22 16:26:39.465848
fAwjFITVLzs,49442,0,1,2026-04-22 16:26:39.465851
hB6WnL80HNI,20325,819,11,2026-04-22 16:26:39.465854
2A4C6Dpiod4,55846,215,1,2026-04-22 16:26:39.465857
ncSecGdH7rg,54807,1281,7,2026-04-22 16:26:39.465860
dVXQazWGqVQ,140627,863,3,2026-04-22 16:26:39.465863
DF9WGou4ffA,37310,0,1,2026-04-22 16:26:39.465866
GElOK8JXlXI,40157,654,8,2026-04-22 16:26:39.465869
-tccKyTazdw,23643,128,0,2026-04-22 16:26:39.465872
GVir39PsE6g,30789,72,1,2026-04-22 16:26:39.465875
jPyMJ5W-AOE,40967,0,3,2026-04-22 16:26:39.465878
9PjbZzKVdZw,29952,187,0,2026-04-22 16:26:39.465881
7oBKFVItzsU,659924,0,2,2026-04-22 18:23:01.648086
ppFBhivpaGE,601877,1579,0,2026-04-22 18:23:01.648102
VrBgkDnksDI,339060,1688,1,2026-04-22 18:23:01.648106
Ef-7oED0mq4,150344,8999,276,2026-04-22 18:23:01.648108
7EmZyk8MLNQ,286607,0,2,2026-04-22 18:23:01.648111
_Dtsn9DzIbs,235207,1833,0,2026-04-22 18:23:01.648113
G-pTfMOY9QE,393397,7220,448,2026-04-22 18:23:01.648115
4XAK7-VZX6Q,482308,0,4,2026-04-22 18:23:01.648117
rvMbdIJnM1I,221038,0,2,2026-04-22 18:23:01.648119
LMSKC7drnMA,110588,0,1,2026-04-22 18:23:01.648120
71-KRdBGlsI,579819,14197,46,2026-04-22 18:23:01.648123
gIZoO48ePNs,236318,1064,1,2026-04-22 18:23:01.648125
9Z6s2IeafHM,69892,400,1,2026-04-22 18:23:01.648126
Z4ufGu70hYk,56208,0,1,2026-04-22 18:23:01.648128
Q3ggtN1Y-OM,235752,726,1,2026-04-22 18:23:01.648130
aJWuMnhx294,126904,718,2,2026-04-22 18:23:01.648132
GH0WPFOB4Jg,214409,1531,2,2026-04-22 18:23:01.648133
-dUURnwXGpQ,54970,2115,63,2026-04-22 18:23:01.648135
4zsaw5a2LlE,401887,0,0,2026-04-22 18:23:01.648137
8RsnBgq3ClM,37040,328,2,2026-04-22 18:23:01.648139
7CdV10Ezbec,164818,1691,10,2026-04-22 18:23:01.648140
vyqf_fSfM14,278311,3897,10,2026-04-22 18:23:01.648142
CrPcSO3Ksqc,41502,0,0,2026-04-22 18:23:01.648143
kCTZ0o7MS3M,32923,0,2,2026-04-22 18:23:01.648145
c8ksB0mVzPU,699474,27901,429,2026-04-22 18:23:01.648147
y5-pCtvyeU0,52224,0,1,2026-04-22 18:23:01.648149
kxOtnzuYHo0,43913,179,0,2026-04-22 18:23:01.648151
ODYlII65Ezg,37278,215,1,2026-04-22 18:23:01.648152
tI67adV3pXY,32666,298,0,2026-04-22 18:23:01.648160
JbiHS32r48w,142179,0,1,2026-04-22 18:23:01.648161
qCPUL-n2zEM,34434,0,1,2026-04-22 18:23:01.648163
GB92jfG0Aww,44653,895,43,2026-04-22 18:23:01.648165
Bl66lNBD-U4,28625,394,1,2026-04-22 18:23:01.648167
MKvmhS2WElo,28292,0,2,2026-04-22 18:23:01.648168
jaIQWlDTLUY,195993,3346,6,2026-04-22 18:23:01.648170
iVnxwkHDD3Q,32881,683,30,2026-04-22 18:23:01.648172
n22uDbchZYs,38698,161,0,2026-04-22 18:23:01.648174
LEIgQtVwJGk,33690,693,4,2026-04-22 18:23:01.648176
6vaEALEbKmo,34882,170,1,2026-04-22 18:23:01.648177
fAwjFITVLzs,57393,0,1,2026-04-22 18:23:01.648179
hB6WnL80HNI,21064,820,11,2026-04-22 18:23:01.648181
2A4C6Dpiod4,57043,218,1,2026-04-22 18:23:01.648183
ncSecGdH7rg,61231,1328,7,2026-04-22 18:23:01.648185
dVXQazWGqVQ,295542,1597,6,2026-04-22 18:23:01.648187
DF9WGou4ffA,47822,0,1,2026-04-22 18:23:01.648188
GElOK8JXlXI,43922,699,8,2026-04-22 18:23:01.648190
-tccKyTazdw,23795,128,0,2026-04-22 18:23:01.648191
GVir39PsE6g,30948,74,1,2026-04-22 18:23:01.648193
jPyMJ5W-AOE,48035,0,3,2026-04-22 18:23:01.648195
9PjbZzKVdZw,30199,188,0,2026-04-22 18:23:01.648196
7oBKFVItzsU,663442,0,2,2026-04-23 04:21:07.213723
ppFBhivpaGE,1012907,2093,0,2026-04-23 04:21:07.213753
VrBgkDnksDI,369596,1890,2,2026-04-23 04:21:07.213760
Ef-7oED0mq4,160733,9284,281,2026-04-23 04:21:07.213764
7EmZyk8MLNQ,310344,0,2,2026-04-23 04:21:07.213768
_Dtsn9DzIbs,241145,1914,0,2026-04-23 04:21:07.213772
G-pTfMOY9QE,453432,7998,476,2026-04-23 04:21:07.213776
4XAK7-VZX6Q,605278,0,4,2026-04-23 04:21:07.213779
rvMbdIJnM1I,231380,0,2,2026-04-23 04:21:07.213783
LMSKC7drnMA,113628,0,1,2026-04-23 04:21:07.213787
71-KRdBGlsI,789979,17188,53,2026-04-23 04:21:07.213790
gIZoO48ePNs,264585,1266,1,2026-04-23 04:21:07.213794
9Z6s2IeafHM,72691,419,1,2026-04-23 04:21:07.213798
Z4ufGu70hYk,65225,0,1,2026-04-23 04:21:07.213801
Q3ggtN1Y-OM,246732,756,1,2026-04-23 04:21:07.213804
aJWuMnhx294,133206,764,2,2026-04-23 04:21:07.213808
GH0WPFOB4Jg,228207,1628,2,2026-04-23 04:21:07.213811
-dUURnwXGpQ,86098,2432,67,2026-04-23 04:21:07.213815
4zsaw5a2LlE,417472,0,0,2026-04-23 04:21:07.213818
8RsnBgq3ClM,37489,334,2,2026-04-23 04:21:07.213822
7CdV10Ezbec,177967,1789,10,2026-04-23 04:21:07.213825
vyqf_fSfM14,366256,4468,10,2026-04-23 04:21:07.213829
CrPcSO3Ksqc,41611,0,0,2026-04-23 04:21:07.213833
kCTZ0o7MS3M,33606,0,2,2026-04-23 04:21:07.213837
c8ksB0mVzPU,792796,30114,453,2026-04-23 04:21:07.213840
y5-pCtvyeU0,55224,0,1,2026-04-23 04:21:07.213844
kxOtnzuYHo0,46306,200,0,2026-04-23 04:21:07.213847
ODYlII65Ezg,37364,219,1,2026-04-23 04:21:07.213851
tI67adV3pXY,32777,298,0,2026-04-23 04:21:07.213854
JbiHS32r48w,150185,0,1,2026-04-23 04:21:07.213857
qCPUL-n2zEM,35434,0,1,2026-04-23 04:21:07.213860
GB92jfG0Aww,60465,1039,43,2026-04-23 04:21:07.213864
Bl66lNBD-U4,30315,398,1,2026-04-23 04:21:07.213867
MKvmhS2WElo,29049,0,2,2026-04-23 04:21:07.213871
jaIQWlDTLUY,238553,3939,6,2026-04-23 04:21:07.213874
iVnxwkHDD3Q,35787,695,30,2026-04-23 04:21:07.213878
n22uDbchZYs,39403,166,0,2026-04-23 04:21:07.213881
LEIgQtVwJGk,36057,709,4,2026-04-23 04:21:07.213884
6vaEALEbKmo,35171,171,1,2026-04-23 04:21:07.213888
fAwjFITVLzs,82384,0,1,2026-04-23 04:21:07.213891
hB6WnL80HNI,21097,820,11,2026-04-23 04:21:07.213894
2A4C6Dpiod4,58230,238,2,2026-04-23 04:21:07.213898
ncSecGdH7rg,65508,1406,7,2026-04-23 04:21:07.213901
dVXQazWGqVQ,1244978,4190,11,2026-04-23 04:21:07.213904
DF9WGou4ffA,71785,0,1,2026-04-23 04:21:07.213907
GElOK8JXlXI,59651,929,9,2026-04-23 04:21:07.213910
-tccKyTazdw,31861,182,0,2026-04-23 04:21:07.213914
GVir39PsE6g,31184,77,1,2026-04-23 04:21:07.213917
jPyMJ5W-AOE,67931,0,3,2026-04-23 04:21:07.213920
9PjbZzKVdZw,30456,190,0,2026-04-23 04:21:07.213923
7oBKFVItzsU,665701,0,2,2026-04-23 08:27:19.777929
ppFBhivpaGE,1145426,2535,0,2026-04-23 08:27:19.777940
VrBgkDnksDI,455538,2287,2,2026-04-23 08:27:19.777944
Ef-7oED0mq4,163917,9433,285,2026-04-23 08:27:19.777947
7EmZyk8MLNQ,325106,0,2,2026-04-23 08:27:19.777950
_Dtsn9DzIbs,255373,2009,0,2026-04-23 08:27:19.777952
G-pTfMOY9QE,496080,8664,510,2026-04-23 08:27:19.777955
4XAK7-VZX6Q,652142,0,4,2026-04-23 08:27:19.777957
rvMbdIJnM1I,244546,0,2,2026-04-23 08:27:19.777959
LMSKC7drnMA,115470,0,1,2026-04-23 08:27:19.777962
71-KRdBGlsI,954690,19810,57,2026-04-23 08:27:19.777964
gIZoO48ePNs,305566,1326,1,2026-04-23 08:27:19.777967
9Z6s2IeafHM,75391,434,1,2026-04-23 08:27:19.777970
Z4ufGu70hYk,142125,0,1,2026-04-23 08:27:19.777972
Q3ggtN1Y-OM,251773,774,1,2026-04-23 08:27:19.777974
aJWuMnhx294,142150,814,2,2026-04-23 08:27:19.777977
GH0WPFOB4Jg,245594,1741,2,2026-04-23 08:27:19.777979
-dUURnwXGpQ,96520,2597,78,2026-04-23 08:27:19.777982
4zsaw5a2LlE,426363,0,0,2026-04-23 08:27:19.777984
8RsnBgq3ClM,38083,341,2,2026-04-23 08:27:19.777986
7CdV10Ezbec,184735,1829,10,2026-04-23 08:27:19.777988
vyqf_fSfM14,403671,4950,12,2026-04-23 08:27:19.777996
CrPcSO3Ksqc,41653,0,0,2026-04-23 08:27:19.777998
kCTZ0o7MS3M,33760,0,2,2026-04-23 08:27:19.778000
c8ksB0mVzPU,894123,32509,487,2026-04-23 08:27:19.778003
y5-pCtvyeU0,63324,0,1,2026-04-23 08:27:19.778005
kxOtnzuYHo0,51263,219,0,2026-04-23 08:27:19.778007
ODYlII65Ezg,37790,223,1,2026-04-23 08:27:19.778010
tI67adV3pXY,32837,300,0,2026-04-23 08:27:19.778012
JbiHS32r48w,159707,0,1,2026-04-23 08:27:19.778014
qCPUL-n2zEM,35942,0,1,2026-04-23 08:27:19.778017
GB92jfG0Aww,73757,1340,43,2026-04-23 08:27:19.778019
Bl66lNBD-U4,30644,402,1,2026-04-23 08:27:19.778021
MKvmhS2WElo,29235,0,2,2026-04-23 08:27:19.778023
jaIQWlDTLUY,257429,4278,7,2026-04-23 08:27:19.778025
iVnxwkHDD3Q,37126,709,31,2026-04-23 08:27:19.778028
n22uDbchZYs,39966,170,0,2026-04-23 08:27:19.778030
LEIgQtVwJGk,36999,717,4,2026-04-23 08:27:19.778032
6vaEALEbKmo,35312,172,1,2026-04-23 08:27:19.778034
fAwjFITVLzs,92995,0,1,2026-04-23 08:27:19.778036
hB6WnL80HNI,21101,822,11,2026-04-23 08:27:19.778039
2A4C6Dpiod4,59707,250,2,2026-04-23 08:27:19.778041
ncSecGdH7rg,67548,1464,7,2026-04-23 08:27:19.778043
dVXQazWGqVQ,1483474,4514,12,2026-04-23 08:27:19.778047
DF9WGou4ffA,79563,0,1,2026-04-23 08:27:19.778049
GElOK8JXlXI,65879,1043,9,2026-04-23 08:27:19.778051
-tccKyTazdw,33599,183,0,2026-04-23 08:27:19.778053
GVir39PsE6g,31211,76,1,2026-04-23 08:27:19.778055
jPyMJ5W-AOE,85277,0,3,2026-04-23 08:27:19.778057
9PjbZzKVdZw,30761,193,0,2026-04-23 08:27:19.778060
7oBKFVItzsU,666570,0,2,2026-04-23 10:12:10.344493
ppFBhivpaGE,1233051,2619,0,2026-04-23 10:12:10.344512
VrBgkDnksDI,480098,2382,2,2026-04-23 10:12:10.344517
Ef-7oED0mq4,165385,9480,286,2026-04-23 10:12:10.344520
7EmZyk8MLNQ,331565,0,2,2026-04-23 10:12:10.344522
_Dtsn9DzIbs,259871,2024,0,2026-04-23 10:12:10.344524
G-pTfMOY9QE,518275,8992,527,2026-04-23 10:12:10.344526
4XAK7-VZX6Q,675023,0,4,2026-04-23 10:12:10.344528
rvMbdIJnM1I,249866,0,2,2026-04-23 10:12:10.344531
LMSKC7drnMA,116133,0,1,2026-04-23 10:12:10.344533
71-KRdBGlsI,1043038,20774,60,2026-04-23 10:12:10.344536
gIZoO48ePNs,305733,1325,1,2026-04-23 10:12:10.344538
9Z6s2IeafHM,76426,436,1,2026-04-23 10:12:10.344540
Z4ufGu70hYk,167460,0,1,2026-04-23 10:12:10.344542
Q3ggtN1Y-OM,253340,777,1,2026-04-23 10:12:10.344543
aJWuMnhx294,144998,824,2,2026-04-23 10:12:10.344545
GH0WPFOB4Jg,252798,1772,2,2026-04-23 10:12:10.344547
-dUURnwXGpQ,98130,2616,78,2026-04-23 10:12:10.344549
4zsaw5a2LlE,429522,0,0,2026-04-23 10:12:10.344551
8RsnBgq3ClM,38362,343,2,2026-04-23 10:12:10.344553
7CdV10Ezbec,187813,1855,10,2026-04-23 10:12:10.344555
vyqf_fSfM14,424321,5243,12,2026-04-23 10:12:10.344556
CrPcSO3Ksqc,41653,0,0,2026-04-23 10:12:10.344559
kCTZ0o7MS3M,33828,0,2,2026-04-23 10:12:10.344560
c8ksB0mVzPU,937693,33453,496,2026-04-23 10:12:10.344562
y5-pCtvyeU0,66109,0,1,2026-04-23 10:12:10.344565
kxOtnzuYHo0,53313,220,0,2026-04-23 10:12:10.344567
ODYlII65Ezg,38039,224,1,2026-04-23 10:12:10.344569
tI67adV3pXY,32869,301,0,2026-04-23 10:12:10.344570
JbiHS32r48w,163632,0,1,2026-04-23 10:12:10.344572
qCPUL-n2zEM,36185,0,1,2026-04-23 10:12:10.344573
GB92jfG0Aww,80813,1400,43,2026-04-23 10:12:10.344575
Bl66lNBD-U4,31075,407,1,2026-04-23 10:12:10.344577
MKvmhS2WElo,29309,0,2,2026-04-23 10:12:10.344579
jaIQWlDTLUY,268070,4433,7,2026-04-23 10:12:10.344581
iVnxwkHDD3Q,37908,716,32,2026-04-23 10:12:10.344582
n22uDbchZYs,40261,171,0,2026-04-23 10:12:10.344584
LEIgQtVwJGk,37397,720,4,2026-04-23 10:12:10.344586
6vaEALEbKmo,35413,172,1,2026-04-23 10:12:10.344588
fAwjFITVLzs,99399,0,1,2026-04-23 10:12:10.344590
hB6WnL80HNI,21109,820,11,2026-04-23 10:12:10.344591
2A4C6Dpiod4,60213,252,2,2026-04-23 10:12:10.344593
ncSecGdH7rg,68534,1472,7,2026-04-23 10:12:10.344595
dVXQazWGqVQ,1524590,4612,12,2026-04-23 10:12:10.344597
DF9WGou4ffA,84015,0,1,2026-04-23 10:12:10.344598
GElOK8JXlXI,67023,1053,9,2026-04-23 10:12:10.344600
-tccKyTazdw,33729,184,0,2026-04-23 10:12:10.344601
GVir39PsE6g,31211,76,1,2026-04-23 10:12:10.344603
jPyMJ5W-AOE,88930,0,3,2026-04-23 10:12:10.344605
9PjbZzKVdZw,30883,194,0,2026-04-23 10:12:10.344607
7oBKFVItzsU,667249,0,2,2026-04-23 12:29:12.816405
ppFBhivpaGE,1293797,2691,0,2026-04-23 12:29:12.816433
VrBgkDnksDI,499180,2487,2,2026-04-23 12:29:12.816440
Ef-7oED0mq4,167163,9535,289,2026-04-23 12:29:12.816444
7EmZyk8MLNQ,337694,0,2,2026-04-23 12:29:12.816448
_Dtsn9DzIbs,262344,2041,0,2026-04-23 12:29:12.816452
G-pTfMOY9QE,541324,9244,541,2026-04-23 12:29:12.816456
4XAK7-VZX6Q,695323,0,4,2026-04-23 12:29:12.816459
rvMbdIJnM1I,254182,0,2,2026-04-23 12:29:12.816462
LMSKC7drnMA,116662,0,1,2026-04-23 12:29:12.816466
71-KRdBGlsI,1122435,21377,61,2026-04-23 12:29:12.816470
gIZoO48ePNs,305821,1318,1,2026-04-23 12:29:12.816474
9Z6s2IeafHM,77324,437,1,2026-04-23 12:29:12.816477
Z4ufGu70hYk,183749,0,1,2026-04-23 12:29:12.816480
Q3ggtN1Y-OM,254119,772,1,2026-04-23 12:29:12.816484
aJWuMnhx294,146833,831,2,2026-04-23 12:29:12.816487
GH0WPFOB4Jg,259314,1795,2,2026-04-23 12:29:12.816491
-dUURnwXGpQ,99213,2629,78,2026-04-23 12:29:12.816494
4zsaw5a2LlE,431661,0,0,2026-04-23 12:29:12.816497
8RsnBgq3ClM,38546,345,2,2026-04-23 12:29:12.816501
7CdV10Ezbec,191505,1884,10,2026-04-23 12:29:12.816504
vyqf_fSfM14,452454,5469,12,2026-04-23 12:29:12.816507
CrPcSO3Ksqc,41695,0,0,2026-04-23 12:29:12.816511
kCTZ0o7MS3M,33890,0,2,2026-04-23 12:29:12.816514
c8ksB0mVzPU,989979,34477,506,2026-04-23 12:29:12.816518
y5-pCtvyeU0,71570,0,1,2026-04-23 12:29:12.816521
kxOtnzuYHo0,54400,222,0,2026-04-23 12:29:12.816525
ODYlII65Ezg,38247,222,1,2026-04-23 12:29:12.816528
tI67adV3pXY,32943,304,0,2026-04-23 12:29:12.816532
JbiHS32r48w,166151,0,1,2026-04-23 12:29:12.816535
qCPUL-n2zEM,36425,0,1,2026-04-23 12:29:12.816538
GB92jfG0Aww,85323,1443,43,2026-04-23 12:29:12.816541
Bl66lNBD-U4,31560,409,1,2026-04-23 12:29:12.816545
MKvmhS2WElo,29428,0,2,2026-04-23 12:29:12.816548
jaIQWlDTLUY,278616,4566,7,2026-04-23 12:29:12.816552
iVnxwkHDD3Q,38495,724,33,2026-04-23 12:29:12.816555
n22uDbchZYs,40500,172,0,2026-04-23 12:29:12.816558
LEIgQtVwJGk,37831,721,4,2026-04-23 12:29:12.816562
6vaEALEbKmo,35443,172,1,2026-04-23 12:29:12.816573
fAwjFITVLzs,104572,0,1,2026-04-23 12:29:12.816577
hB6WnL80HNI,21109,819,11,2026-04-23 12:29:12.816580
2A4C6Dpiod4,60832,254,2,2026-04-23 12:29:12.816583
ncSecGdH7rg,69129,1490,7,2026-04-23 12:29:12.816587
dVXQazWGqVQ,1563439,4691,12,2026-04-23 12:29:12.816607
DF9WGou4ffA,87917,0,1,2026-04-23 12:29:12.816610
GElOK8JXlXI,67576,1077,9,2026-04-23 12:29:12.816613
-tccKyTazdw,33787,184,0,2026-04-23 12:29:12.816617
GVir39PsE6g,31254,76,1,2026-04-23 12:29:12.816620
jPyMJ5W-AOE,93160,0,3,2026-04-23 12:29:12.816623
9PjbZzKVdZw,31009,194,0,2026-04-23 12:29:12.816626
